pathway Name,A01.1,A01.2,A01.3,A01.4,A01.5,A01.6,CK1,CK2,CK3,CK4,CK5,CK6,QC1,QC2,QC3
"Biosynthesis of phenylpropanoids",-1.9698067632850276,2.4662525879917183,0.8593986588795155,-2.5597201399300404,-1.8527131782945778,-2.4362318840579755,-1.8967391304347871,-8.719806763284982,-0.568938503721111,0.9461697722567295,2.806159420289855,2.5538949275362275,0.9354072963518244,0.8679745493107107,2.186700767263427
"Biosynthesis of unsaturated fatty acids",1.1758241758241768,-2.2116071428571376,-1.503225806451609,-1.2363636363636326,-6.199999999999996,-1.1852300242130704,0.8409937888198757,-46.4142857142857,-1.5755102040816276,-0.8189262966333005,0.7314647377938516,1.3873015873015884,-10.65238095238095,-0.43392857142857066,-3.83571428571428
"Glucosinolate biosynthesis",-1.179699248120297,0.944444444444445,6.453571428571429,0.6714285714285716,6.453571428571429,0.9079365079365087,1.3714285714285728,5.1035714285714295,1.8507936507936513,0.34285714285714286,-2.9904761904761847,-0.6487804878048762,-1.5205128205128164,-9.942857142857143,1.2815476190476194
"Carbohydrate digestion and absorption",-0.619444444444442,-0.8055555555555535,-2.2560386473429883,0.7760770975056689,-1.7499999999999951,-1.3068181818181772,0.5080409356725148,1.9305555555555558,3.4722222222222228,-1.0914750957854367,0.22222222222222193,1.013888888888889,-1.0361111111111099,1.1527777777777783,1.3888888888888893
"Glycine, serine and threonine metabolism",-1.1378574477166015,1.0542253521126763,0.802816901408451,46.60563380281669,0.4929577464788736,0.8140016570008288,0.9596670934699107,-16.92957746478863,-19.95305164319239,2.6724047991653626,1.027833668678739,-0.961310028847784,45.591549295774655,2.0500782472613466,-1.6382505559673812
"Pyruvate metabolism",-1.4464285714285685,0.7083333333333337,2.7166666666666672,-3.9972222222222267,-1.2494444444444408,-0.7382208157524586,-1.4393939393939337,-1.9130116959064292,-0.37499999999999933,0.6729797979797982,1.5205938697318016,1.2295081967213115,1.1576797385620914,0.7799145299145298,1.5972222222222223
"Renal cell carcinoma",-1.5962837837837904,0.7432432432432433,-0.3243243243243228,-0.608108108108106,-0.2972972972972958,-0.18918918918918792,1.780780780780781,-2.5444015444015533,-0.22972972972972838,0.4459459459459464,-3.5608108108108194,1,0.7432432432432433,0.5415057915057916,0.24324324324324365
"Oxidative phosphorylation",0.9170254403131104,0.5068493150684932,-7.328767123287646,8.73287671232877,0.9342465753424656,-0.7060750446694481,-5.418786692759254,0.9376846629062576,-0.4246575342465767,14.178082191780822,-2.121232876712334,0.7711522965350496,0.6963470319634704,0.6164383561643832,0.5697384806973849
"Monobactam biosynthesis",-1.3942307692307652,0.9916666666666669,0.7638888888888892,-1.5138888888888855,1.0515873015873016,-14.26388888888893,1.0448028673835135,-4.916666666666681,-1.3266908212560335,-8.375000000000046,32.41666666666666,-0.9940476190476158,1.5972222222222225,0.8204225352112676,17.944444444444443
"Carbon fixation pathways in prokaryotes",-7.5416666666667,1.128684807256236,1.4502688172043017,-2.5305555555555523,1.3398692810457522,-0.7583979328165346,-1.957222222222217,6.180555555555556,-0.34722222222222154,0.6081871345029239,9.866666666666664,0.9493670886075949,0.7979390681003585,0.6544256120527305,-9.777777777777793
"Parkinson disease",2.4014752370916757,0.46575342465753417,21.561643835616437,0.44393708777270374,-0.19178082191780849,-4.166340508806245,0.7990867579908666,-2.916196615632561,-1.0223744292237478,-0.9141058867086296,-1.3338406900050779,-0.2876712328767131,-1.2984344422700613,0.4657534246575343,0.6438356164383561
"Biosynthesis of alkaloids derived from terpenoid and polyketide",-7.5416666666667,1.128684807256236,1.4502688172043017,-2.5305555555555523,1.3398692810457522,-0.7583979328165346,-1.957222222222217,6.180555555555556,-0.34722222222222154,0.6081871345029239,9.866666666666664,0.9493670886075949,0.7979390681003585,0.6544256120527305,-9.777777777777793
"Carbon fixation in photosynthetic organisms",-1.1982496194825005,18.493150684931514,1.132567388422447,-0.9931506849315097,2.21765601217656,0.8198630136986298,-0.726027397260276,18.493150684931514,0.8975048923679061,2.2891131939437637,0.7534246575342463,18.493150684931514,0.5890410958904109,0.6743032593292391,-0.9771689497716924
"Lysine degradation",-0.5456349206349196,1.4861111111111112,1.0347222222222223,0.6836917562724015,5.108333333333333,2.777777777777778,3.779040404040404,-0.8439542483660106,4.7916666666666625,0.39316239316239326,-2.25694444444444,-1.8669590643274805,-2.323754789272024,-5.342948717948765,0.732758620689655
"Ascorbate and aldarate metabolism",-0.8333333333333309,0.7638888888888896,3.9067460317460325,15.305555555555557,-3.0611111111111073,-11.652777777777821,0.2638888888888886,0.6944444444444445,1.5405982905982913,0.9276004728132397,-3.0111111111111053,-6.569444444444484,-2.0117521367521345,1.6717171717171728,-3.059829059829055
"Vancomycin resistance",0.8206724782067245,-1.4212328767123337,0.5916599516518937,0.49556809024979864,0.5861433087460481,0.6712328767123283,2.206533192834558,-2.1764705882352966,-2.616438356164389,1.4883859440142944,2.015410958904109,-0.6601921897362528,3.679950186799501,-1.5368558382257063,-1.9209694415173926
"Methane metabolism",-1.6411804158283017,0.9852228122835375,0.9753172500348628,1.4145901047309504,3.101152368758003,1.4874613534867744,0.9989165763813652,-0.9918982924093216,-1.0412102243088142,0.8409422049538613,11.883802816901408,-1.432805164319247,-11.149295774647928,-4.396126760563392,8.827464788732383
"Neuroactive ligand-receptor interaction",-0.4999999999999989,0.5924603174603176,0.7887426900584796,-0.7105555555555536,0.8166315049226442,1.8703703703703711,1.611111111111112,1.24404761904762,0.9166666666666671,-1.169831223628687,0.8182624113475178,-0.910024154589369,4.994444444444445,1.3404040404040414,0.5858585858585865
"Biosynthesis of cofactors",-3.2242424242424224,5.47147950089126,0.8282828282828284,2.07177033492823,1.3237476808905384,2.153297682709448,1.6990049751243779,4.526392961876801,5.8142292490118335,-5.282296650717721,-0.9826839826839815,-0.8850702143385059,1.5476190476190477,2.2215909090909096,1.441558441558442
"cAMP signaling pathway",-0.6561643835616455,0.5753424657534241,0.5625885687293339,0.5008561643835616,-4.671232876712294,-1.5541095890411019,-0.9974632166413027,-0.6653620352250519,-1.029426686960937,-0.860999194198231,0.49315068493150666,-1.1599646486964246,11.584474885844747,0.7627798195790172,11.287671232876711
"Nicotinate and nicotinamide metabolism",-2.654040404040402,0.38888888888888884,1.5312500000000009,-0.9662698412698395,1.1111111111111116,-1.1513409961685785,-1.4053983228511475,0.8503968253968254,2.0441919191919196,2.3513071895424846,2.0300000000000002,2.550438596491229,0.7361111111111115,0.8472222222222225,2.9166666666666665
"Cutin, suberine and wax biosynthesis",0.5854533594259623,1.0015655577299403,1.0015655577299403,-1.8819308545335998,-1.1177341725286947,-0.7242009132420117,0.7534246575342465,-0.7163242009132443,-0.9781940173329645,-0.7310087173100883,0.6575342465753423,1.0015655577299403,-1.2325789160214464,-0.40050468637346853,-0.8772196854388662
"Phosphotransferase system (PTS)",-0.619444444444442,-0.8055555555555535,-2.2560386473429883,0.7760770975056689,-1.7499999999999951,-1.3068181818181772,0.5080409356725148,1.9305555555555558,3.4722222222222228,-1.0914750957854367,0.22222222222222193,1.013888888888889,-1.0361111111111099,1.1527777777777783,1.3888888888888893
"Purine metabolism",1.3469910371318827,1.1412593206296606,-1.5458960660514793,-3.6009389671361487,1.1138696586297447,2.704225352112676,0.5774647887323947,-1.2030111704711008,0.8207426376440465,-1.5279081898800195,-2.014788732394365,-1.1170097508125663,-0.7068996256017102,-1.8862933699759514,2.1418883672404805
"GABAergic synapse",-4.797297297297282,16.432432432432435,0.41554054054054057,1.1814671814671818,-7.648648648648617,-0.7432432432432409,11.585585585585585,-3.2162162162162176,3.38996138996139,-1.1594594594594627,2.1734234234234235,0.43243243243243246,0.7328724072910119,0.7702702702702704,0.947121034077556
"Pantothenate and CoA biosynthesis",-0.6108574327752435,0.9462869502523432,1.6225791213982044,-1.320709105560035,0.7296803652968036,-3.083333333333336,-0.5379825653798272,0.9315068493150667,0.7295729250604337,-0.8336870538298315,6.367579908675806,-1.0187103240895459,1.3046907430469068,1.458904109589041,6.171232876712329
"Cysteine and methionine metabolism",-5.361111111111143,-1.1515151515151487,0.6419082125603864,0.9895833333333344,0.32766439909297035,0.6169590643274858,-1.9063620071684528,-2.1237373737373675,1.3055555555555556,-3.4226190476190426,2.299444444444445,-0.4742063492063479,0.611111111111111,1.2087087087087096,-1.8379629629629575
"Alcoholism",-0.28378378378378233,0.4741312741312741,0.7897897897897899,0.6898326898326899,-0.24740124740124592,0.7897897897897899,0.5075075075075075,-0.7432432432432409,-1.5600600600600671,-1.3266745005875478,-3.104729729729738,-0.39189189189189033,-0.37837837837837685,0.4729729729729729,0.695945945945946
"Phenylalanine, tyrosine and tryptophan biosynthesis",-4.899543378995421,1.73709167544784,0.5074084428291865,1.1283757338551856,-0.606908874329961,4.138943248532289,0.9546891464699675,-1.3986301369863061,-0.6127996575342493,0.2148194271481943,-1.555848261327718,-0.41095890410959035,1.9452054794520546,2.1626712328767113,0.9605348988910622
"Prolactin signaling pathway",-0.108108108108107,26.7027027027027,0.7837837837837842,0.6216216216216215,1.462639109697933,-0.7567567567567545,0.5135135135135138,-3.0772200772200837,-3.2822822822822912,-1.357588357588361,-0.8547297297297274,1.4677754677754677,-0.5453100158982493,0.44594594594594594,0.665945945945946
"Tropane, piperidine and pyridine alkaloid biosynthesis",-14.402777777777807,1.9255050505050504,0.4951690821256038,6.168650793650794,-0.6162280701754375,0.9105691056910569,-0.9583333333333308,-4.001984126984137,0.781746031746032,0.46944444444444433,6.230555555555552,-1.9532828282828234,-5.77777777777781,-0.6150793650793632,0.797705314009662
"Pentose phosphate pathway",0.8366701791359326,-29.410958904109556,1.973684210526312,0.9096371064647892,2.174657534246574,-1.2030207235686736,0.547945205479452,2.6694063926940634,0.810502283105023,2.6694063926940634,0.6303860523038605,-2.13424657534247,-0.3266041816870951,0.27397260273972607,-1.0948880721683976
"Starch and sucrose metabolism",-0.5738851646750237,-0.7945205479452081,2.8187565858798735,1.010958904109588,-3.434246575342471,-1.8427019367028878,0.5131717597471024,0.38356164383561636,8.689497716894984,-0.7671232876712353,0.2191780821917808,0.5205479452054794,8.689497716894984,1.5834004834810633,-4.8995433789954195
"Glycerolipid metabolism",2.1592465753424657,1.023744292237443,1.0568622383044686,0.8478621834786202,-0.6280614362806166,0.38356164383561625,-2.0759651307596565,-0.8663548279318445,-2.4902152641878716,-1.8394216133942205,-1.8985056039850612,-4.131849315068475,3.0559360730593608,2.023972602739726,-2.329315068493158
"Glutathione metabolism",0.9031755915317556,0.6027397260273973,0.7036114570361145,3.406849315068492,3.406849315068492,1.1281224818694597,-1.6575342465753473,-2.2475538160469717,-4.899543378995419,0.4246575342465754,-0.2353228962818012,2.3460393091125673,2.6712328767123283,-0.8125450612833484,0.6575342465753422
"D-Glutamine and D-glutamate metabolism",0.16216216216216273,5.819819819819819,-1.0156931124673045,-0.36486486486486325,-0.7027027027027004,-2.680180180180185,17.41891891891892,-0.9750519750519768,-4.168918918918916,-0.6756756756756735,-0.3378378378378363,0.6216216216216219,0.41891891891891925,0.6891891891891893,0.6351351351351353
"Shigellosis",2.5297297297297296,-0.24324324324324187,-4.221621621621601,0.5270270270270272,-0.14864864864864757,0.803088803088803,1.027027027027028,1.4373464373464375,0.9549549549549547,0.25675675675675713,0.540540540540541,-1.1981981981982,-1.2668918918918943,0.7924710424710426,0.14864864864864924
"Regulation of lipolysis in adipocytes",-0.35135135135134976,0.1891891891891897,0.8574938574938576,-1.0540540540540535,-0.4338549075391164,0.6216216216216217,-1.2266112266112283,-1.1744471744471763,-13.378378378378407,-0.6252252252252227,-2.421171171171179,-0.5270270270270251,1.2944015444015442,0.391891891891892,-1.5067567567567632
"Tyrosine metabolism",2.2916666666666665,0.5033333333333333,1.9444444444444446,2.731060606060606,-5.472222222222244,-0.7717948717948695,-13.316666666666718,3.0448717948717943,-1.1083333333333298,0.5416666666666666,-1.6777777777777727,1.2083333333333344,1.1028481012658227,0.6944444444444446,0.8224932249322493
"Valine, leucine and isoleucine degradation",4.392694063926942,-0.17808219178082235,-1.2518780380026557,0.4931506849315068,1.2815829528158296,0.5767844268204758,-0.4958904109589044,1.0894287929697597,0.9290606653620324,0.5799086757990863,6.367579908675806,-0.9440872239306716,-0.9305728518057319,7.0034246575342465,-2.0342465753424683
"Butanoate metabolism",1.1475237091675448,0.4229452054794521,-5.592465753424632,-1.4257990867579933,2.1592465753424657,-0.8426413768879558,-1.9481112494811197,0.8052573121066273,-2.7442922374429264,0.5505136986301369,-10.105022831050194,0.8612649373360504,0.8767123287671232,0.7671232876712327,1.46027397260274
"Biosynthesis of secondary metabolites",-2.3143939393939448,4.986235595390526,1.4448529411764708,3.0778577857785763,9.490469208211142,40.29545454545453,-6.145959595959588,3.8749999999999907,15.94913419913417,2.2949090909090906,2.5375805297065113,-3.121818181818189,-78.56818181818159,2.1626643796455096,5.312500000000001
"HIF-1 signaling pathway",0.6351351351351359,3.807807807807808,0.7280750137892995,0.5945945945945945,7.006756756756756,-0.8243243243243218,-1.389758179231869,0.28243243243243243,21.567567567567565,-0.7911547911547884,0.13513513513513575,-4.810810810810773,-0.6670761670761649,1.0450450450450453,1.1013513513513518
"Sphingolipid signaling pathway",2.1486486486486482,-1.7117117117117142,0.9806949806949805,-0.09459459459459363,0.5540540540540548,0.7567567567567568,0.8260869565217391,-0.9189189189189162,-1.5755166931637588,-0.7432432432432409,0.8436293436293436,-0.5405405405405386,1.2027027027027026,0.8490990990990992,-1.4648648648648708
"Proximal tubule bicarbonate reclamation",-1.2337837837837868,1.8774774774774778,-0.6632016632016615,-0.5479115479115456,-0.5675675675675657,-0.3918918918918902,1.7610241820768135,-1.1729729729729732,0.9137709137709137,2.5645645645645643,3.9675675675675683,0.7162162162162168,0.4459459459459464,0.6329555361813426,0.5075075075075075
"Propanoate metabolism",-0.7003977021652698,0.767892873633985,0.4383561643835617,2.529265255292652,1.5246990452469893,-0.9452054794520566,-0.9182805857345335,1.1515151515151494,-1.2146118721461223,-0.917427701674281,0.4931506849315069,-14.808219178082158,1.4178082191780823,0.9647086138843741,1.4045662100456622
"Nitrogen metabolism",-1.2789189189189212,-0.47297297297297114,-0.9219219219219199,1.166521360069747,24.648648648648646,-0.5690690690690672,2.1064189189189193,0.5208845208845209,-3.363636363636369,-0.44594594594594417,-0.6216216216216195,0.3271692745376956,-1.1660231660231701,4.396396396396397,27.729729729729726
"Retrograde endocannabinoid signaling",1.2923832923832923,0.5675675675675675,-13.756756756756811,0.46589446589446587,-0.66216216216216,1.6405405405405404,-0.6756756756756734,0.522522522522523,-0.37837837837837673,-0.39189189189189033,-0.7702702702702678,-1.4766584766584812,0.7027027027027032,-3.709459459459464,-0.8378378378378353
"Biosynthesis of terpenoids and steroids",-7.5416666666667,1.128684807256236,1.4502688172043017,-2.5305555555555523,1.3398692810457522,-0.7583979328165346,-1.957222222222217,6.180555555555556,-0.34722222222222154,0.6081871345029239,9.866666666666664,0.9493670886075949,0.7979390681003585,0.6544256120527305,-9.777777777777793
"Cell cycle - yeast",0.8666666666666667,0.33333333333333354,-0.466666666666665,0.14666666666666733,-0.06666666666666576,-0.19999999999999885,-0.2533333333333321,0.9733333333333334,-0.3333333333333319,-0.38666666666666516,-0.5199999999999982,-0.09333333333333238,0.33333333333333354,0.4133333333333335,0.4133333333333335
"Non-alcoholic fatty liver disease",-0.06666666666666576,-0.7066666666666646,0.9733333333333334,0.6266666666666667,0.76,-0.7866666666666644,0.2800000000000003,0.44,0.5733333333333333,-0.9733333333333307,0.06666666666666737,0.6266666666666667,0.01333333333333414,0.38666666666666677,0.36000000000000026
"Fatty acid biosynthesis",0.6779424098406481,-0.7215442092154429,-4.3972602739725914,1.6712328767123288,-2.1764705882352966,-0.6878669275929573,0.7534246575342465,-0.7313546423135482,-0.8120644075943312,-0.8356164383561657,0.4931506849315069,-3.811955168119558,-1.9630136986301436,-0.3013698630136993,-0.892071398920717
"Streptomycin biosynthesis",-0.4806110458284353,-0.7860360360360339,0.9459459459459459,0.6650998824911867,-10.531531531531593,-0.6756756756756734,0.1756756756756762,0.391891891891892,-2.891891891891901,-0.9729729729729701,-0.899168399168397,1.1216216216216215,-0.49909909909909733,0.6756756756756763,1.1216216216216215
"Biosynthesis of siderophore group nonribosomal peptides",-2.891891891891901,-0.5135135135135116,0.6505791505791506,-2.30270270270271,2.3204633204633205,-1.270270270270272,-0.22972972972972838,1.3627311522048364,-2.2927927927927967,3.4189189189189193,2.2756756756756755,-0.3783783783783768,-0.5331695331695314,0.8633204633204633,-4.765765765765745
"Styrene degradation",0.24324324324324365,0.7972972972972976,1.6972972972972973,4.79054054054054,-0.537744641192915,-0.7235521235521212,8.391891891891891,0.44756756756756755,-0.44594594594594417,8.391891891891891,-1.1744471744471763,4.75,4.06949806949807,0.9644381223328593,1.4702702702702708
"Meiosis - yeast",-0.06666666666666576,-0.7066666666666646,0.9733333333333334,0.6266666666666667,0.76,-0.7866666666666644,0.2800000000000003,0.44,0.5733333333333333,-0.9733333333333307,0.06666666666666737,0.6266666666666667,0.01333333333333414,0.38666666666666677,0.36000000000000026
"Pyrimidine metabolism",1.8545335942596168,2.61545988258317,-11.643835616438324,-0.4339842611483549,1.4897260273972592,-0.7123287671232885,0.6786777843954737,1.310344827586204,0.4383561643835614,-0.7956621004566239,-1.0405479452054829,2.2698630136986298,2.3479452054794505,1.4106164383561641,1.171788226582747
"Biotin metabolism",0.8837209302325582,-0.37837837837837685,-0.4762348555451982,-0.3918918918918902,1.8614864864864862,1.7796257796257797,0.9121621621621627,-0.48648648648648474,0.7211601845748187,3.0810810810810816,-0.6486486486486465,-0.5690690690690672,-0.8513513513513488,-0.8108108108108083,-1.0049140049140077
"Phenylpropanoid biosynthesis",3.045009784735812,1.8186301369863016,0.6616438356164385,0.5985056039850559,-0.92795535261289,-3.4383561643835656,0.6516634050880626,1.6599166170339485,-2.2146118721461234,1.8732876712328765,13.869863013698637,-2.619482496194829,-0.5342465753424678,1.1105675146771001,1.0011658408627215
"mTOR signaling pathway",0.7333333333333334,-0.2533333333333321,-0.6266666666666647,0.5733333333333333,-0.09333333333333238,0.9466666666666668,0.04000000000000087,0.8933333333333333,-0.17333333333333223,0.1200000000000006,0.7866666666666666,0.20000000000000057,-0.8933333333333309,0.76,0.06666666666666737
"Insulin signaling pathway",-0.06666666666666576,-0.7066666666666646,0.9733333333333334,0.6266666666666667,0.76,-0.7866666666666644,0.2800000000000003,0.44,0.5733333333333333,-0.9733333333333307,0.06666666666666737,0.6266666666666667,0.01333333333333414,0.38666666666666677,0.36000000000000026
"Pathways in cancer",-1.5962837837837904,0.7432432432432433,-0.3243243243243228,-0.608108108108106,-0.2972972972972958,-0.18918918918918792,1.780780780780781,-2.5444015444015533,-0.22972972972972838,0.4459459459459464,-3.5608108108108194,1,0.7432432432432433,0.5415057915057916,0.24324324324324365
"Glycolysis / Gluconeogenesis",0.6351351351351359,3.807807807807808,0.7280750137892995,0.5945945945945945,7.006756756756756,-0.8243243243243218,-1.389758179231869,0.28243243243243243,21.567567567567565,-0.7911547911547884,0.13513513513513575,-4.810810810810773,-0.6670761670761649,1.0450450450450453,1.1013513513513518
"Thiamine metabolism",-0.2027027027027014,0.6351351351351352,0.6216216216216217,0.4189189189189192,1.4362934362934363,13.72972972972973,0.6891891891891893,-2.315315315315322,-0.635135135135133,0.39189189189189205,-0.5540540540540521,-0.7389304197814808,-0.7162162162162139,-2.185585585585594,0.8783783783783785
"Novobiocin biosynthesis",0.8436293436293436,-7.587837837837796,6.139639639639641,0.5270270270270271,-0.28378378378378244,-0.47297297297297125,0.7297297297297298,-0.5270270270270252,6.139639639639641,0.4189189189189192,4.293918918918919,-0.7068155111633345,3.22007722007722,-2.8678678678678753,0.8239947264337508
"beta-Alanine metabolism",-0.6891891891891869,0.875411997363217,0.7297297297297303,-0.44594594594594417,0.7602070155261645,-1.370370370370372,-0.790540540540539,0.945945945945946,0.6216216216216218,-0.9054054054054027,0.540540540540541,-1.5067567567567632,0.702702702702703,0.9594594594594595,0.7590090090090089
"Sulfur metabolism",1.4343629343629345,5.099099099099099,0.7027027027027031,0.768768768768769,0.41554054054054057,-8.695945945945994,6.333333333333333,-0.8222222222222193,-0.6756756756756734,-1.0675675675675702,0.96509009009009,-3.2612612612612675,0.8243243243243246,0.9837837837837837,-0.7297297297297272
"Arginine and proline metabolism",0.7671232876712317,-2.234833659491198,-0.7801369863013725,-1.210502283105027,0.7856567284448022,-0.3424657534246586,-1.0557077625570808,-0.5572602739726046,0.610533774208786,0.41382605925453975,3.0996264009962635,-1.739726027397266,2.0890410958904106,-0.6259028642590312,2.7299412915851264
"FoxO signaling pathway",-0.06666666666666576,-0.7066666666666646,0.9733333333333334,0.6266666666666667,0.76,-0.7866666666666644,0.2800000000000003,0.44,0.5733333333333333,-0.9733333333333307,0.06666666666666737,0.6266666666666667,0.01333333333333414,0.38666666666666677,0.36000000000000026
"Epithelial cell signaling in Helicobacter pylori infection",1,-0.19999999999999885,-0.6533333333333313,-0.4933333333333316,0.49333333333333323,-0.38666666666666516,0.17333333333333384,-0.4133333333333318,0.17333333333333384,0.0933333333333341,-0.5733333333333315,-0.5199999999999982,-0.7333333333333312,-0.6266666666666647,-0.466666666666665
"Lysine biosynthesis",-0.9118065433854898,-0.790540540540539,1.1072362685265913,-0.2702702702702689,-10.29729729729732,0.48648648648648685,-0.4101057579318429,2.4033264033264032,0.864864864864865,-0.7496025437201882,13.72972972972973,-0.7937937937937913,-2.1334459459459545,36.97297297297297,0.6351351351351359
"Biosynthesis of various secondary metabolites - part 2",35.945205479452056,2.6430745814307457,0.34246575342465757,0.5342465753424652,-1.2478206724782106,2.0910556003223206,18.493150684931514,12.328767123287676,-3.5479452054794574,0.40978473581213304,1.6534246575342462,-0.38356164383561764,35.945205479452056,1.1612702366127026,35.945205479452056
"Biofilm formation - Escherichia coli",-0.2533333333333321,0.5466666666666666,0.6533333333333333,0.22666666666666707,0.8666666666666667,0.7333333333333334,0.6266666666666667,0.38666666666666677,-0.4133333333333318,0.52,-0.35999999999999854,-0.9733333333333307,-0.9199999999999975,-0.9199999999999975,0.7866666666666666
"Type II diabetes mellitus",-0.06666666666666576,-0.7066666666666646,0.9733333333333334,0.6266666666666667,0.76,-0.7866666666666644,0.2800000000000003,0.44,0.5733333333333333,-0.9733333333333307,0.06666666666666737,0.6266666666666667,0.01333333333333414,0.38666666666666677,0.36000000000000026
"D-Alanine metabolism",0.44,-0.9466666666666641,0.2800000000000003,0.30666666666666703,0.4133333333333335,0.49333333333333323,-0.9733333333333307,0.1200000000000006,0.7866666666666666,0.6266666666666667,0.8933333333333333,-0.2533333333333321,0.46666666666666673,0.46666666666666673,-0.6533333333333313
"Melanogenesis",-0.1466666666666656,0.7066666666666666,0.5733333333333333,0.6000000000000001,-0.3333333333333319,-0.7066666666666646,0.7333333333333334,-0.6533333333333313,-0.8399999999999976,0.2533333333333338,-0.7333333333333312,-0.3066666666666653,-0.4933333333333316,0.49333333333333323,0.9466666666666668
"Cocaine addiction",-0.1466666666666656,0.7066666666666666,0.5733333333333333,0.6000000000000001,-0.3333333333333319,-0.7066666666666646,0.7333333333333334,-0.6533333333333313,-0.8399999999999976,0.2533333333333338,-0.7333333333333312,-0.3066666666666653,-0.4933333333333316,0.49333333333333323,0.9466666666666668
"Chloroalkane and chloroalkene degradation",-1.6246246246246288,1.3767885532591415,-28.783783783783647,0.7119033927544567,0.7702702702702704,0.7445945945945944,-1.947368421052636,-0.7297297297297272,-1.0317965023847357,0.8441441441441442,0.2972972972972976,-0.6988416988416983,-0.5945945945945926,-0.8513513513513489,9.423423423423424
"Biofilm formation - Vibrio cholerae",-0.06666666666666576,-0.7066666666666646,0.9733333333333334,0.6266666666666667,0.76,-0.7866666666666644,0.2800000000000003,0.44,0.5733333333333333,-0.9733333333333307,0.06666666666666737,0.6266666666666667,0.01333333333333414,0.38666666666666677,0.36000000000000026
"Morphine addiction",-0.4133333333333318,0.20000000000000057,-0.119999999999999,-0.06666666666666576,-0.03999999999999915,0.6799999999999999,0.20000000000000057,-0.813333333333331,0.33333333333333354,-0.8933333333333309,0.49333333333333323,-0.466666666666665,-0.2533333333333321,0.44,0.30666666666666703
"Glutamatergic synapse",0.22666666666666707,-0.4399999999999984,0.06666666666666737,-0.17333333333333223,-0.6533333333333313,-0.5199999999999982,0.9199999999999999,0.14666666666666733,0.6799999999999999,-0.466666666666665,-0.466666666666665,0.44,0.20000000000000057,0.7333333333333334,0.7333333333333334
"AGE-RAGE signaling pathway in diabetic complications",-0.06666666666666576,-0.7066666666666646,0.9733333333333334,0.6266666666666667,0.76,-0.7866666666666644,0.2800000000000003,0.44,0.5733333333333333,-0.9733333333333307,0.06666666666666737,0.6266666666666667,0.01333333333333414,0.38666666666666677,0.36000000000000026
"Amphetamine addiction",-0.1466666666666656,0.7066666666666666,0.5733333333333333,0.6000000000000001,-0.3333333333333319,-0.7066666666666646,0.7333333333333334,-0.6533333333333313,-0.8399999999999976,0.2533333333333338,-0.7333333333333312,-0.3066666666666653,-0.4933333333333316,0.49333333333333323,0.9466666666666668
"Fatty acid degradation",-4.5405405405405155,-0.5219594594594577,-0.5289575289575275,0.5945945945945946,-1.725225225225233,-0.5416216216216195,0.7837837837837842,-1.0675675675675702,-1.2422422422422437,-0.7168597168597146,0.9405405405405404,-0.35135135135134976,-1.0500500500500491,0.8277027027027026,0.48648648648648685
"cGMP-PKG signaling pathway",-0.4133333333333318,0.20000000000000057,-0.119999999999999,-0.06666666666666576,-0.03999999999999915,0.6799999999999999,0.20000000000000057,-0.813333333333331,0.33333333333333354,-0.8933333333333309,0.49333333333333323,-0.466666666666665,-0.2533333333333321,0.44,0.30666666666666703
"Longevity regulating pathway - worm",-0.03999999999999915,-0.03999999999999915,0.2533333333333338,-0.4133333333333318,-0.9999999999999973,0.06666666666666737,0.49333333333333323,-0.2533333333333321,-0.6266666666666647,-0.9999999999999973,0.44,0.9199999999999999,-0.8399999999999976,-0.2799999999999987,-0.3333333333333319
"Parathyroid hormone synthesis, secretion and action",0.8666666666666667,0.33333333333333354,-0.466666666666665,0.14666666666666733,-0.06666666666666576,-0.19999999999999885,-0.2533333333333321,0.9733333333333334,-0.3333333333333319,-0.38666666666666516,-0.5199999999999982,-0.09333333333333238,0.33333333333333354,0.4133333333333335,0.4133333333333335
"Sulfur relay system",0.44,-0.9466666666666641,0.2800000000000003,0.30666666666666703,0.4133333333333335,0.49333333333333323,-0.9733333333333307,0.1200000000000006,0.7866666666666666,0.6266666666666667,0.8933333333333333,-0.2533333333333321,0.46666666666666673,0.46666666666666673,-0.6533333333333313
"Photosynthesis",0.8666666666666667,0.33333333333333354,-0.466666666666665,0.14666666666666733,-0.06666666666666576,-0.19999999999999885,-0.2533333333333321,0.9733333333333334,-0.3333333333333319,-0.38666666666666516,-0.5199999999999982,-0.09333333333333238,0.33333333333333354,0.4133333333333335,0.4133333333333335
"D-Arginine and D-onithine metabolism",0.6000000000000001,0.6266666666666667,0.14666666666666733,-0.7866666666666644,0.14666666666666733,-0.4399999999999984,-0.5999999999999981,0.0933333333333341,0.36000000000000026,0.44,-0.09333333333333238,0.7066666666666666,0.52,-0.119999999999999,0.49333333333333323
"Phototransduction - fly",0.8933333333333333,-0.9999999999999973,-0.4133333333333318,0.04000000000000087,0.1200000000000006,-0.5999999999999981,0.5466666666666666,-0.4399999999999984,0.01333333333333414,-0.7333333333333312,0.4133333333333335,-0.8933333333333309,0.8666666666666667,-0.4933333333333316,-0.8399999999999976
"Plant hormone signal transduction",-0.8933333333333309,-0.35999999999999854,0.22666666666666707,-0.7066666666666646,-0.5466666666666649,-0.2799999999999987,-0.1466666666666656,-0.3066666666666653,0.2800000000000003,-0.6799999999999979,0.6799999999999999,-0.4133333333333318,-0.35999999999999854,0.8933333333333333,0.33333333333333354
"Insulin secretion",-0.06666666666666576,-0.7066666666666646,0.9733333333333334,0.6266666666666667,0.76,-0.7866666666666644,0.2800000000000003,0.44,0.5733333333333333,-0.9733333333333307,0.06666666666666737,0.6266666666666667,0.01333333333333414,0.38666666666666677,0.36000000000000026
"Synaptic vesicle cycle",-0.2533333333333321,0.5466666666666666,0.6533333333333333,0.22666666666666707,0.8666666666666667,0.7333333333333334,0.6266666666666667,0.38666666666666677,-0.4133333333333318,0.52,-0.35999999999999854,-0.9733333333333307,-0.9199999999999975,-0.9199999999999975,0.7866666666666666
"Dopaminergic synapse",-0.1466666666666656,0.7066666666666666,0.5733333333333333,0.6000000000000001,-0.3333333333333319,-0.7066666666666646,0.7333333333333334,-0.6533333333333313,-0.8399999999999976,0.2533333333333338,-0.7333333333333312,-0.3066666666666653,-0.4933333333333316,0.49333333333333323,0.9466666666666668
"Degradation of aromatic compounds",-0.8697847462131265,0.6974439227960356,-3.9796557120500804,-2.110475352112674,-5.241197183098616,-0.5797487628473532,-1.3160051216389226,1.2868791697553745,-2.251509054325955,-1.0440906307409668,2.027754763877382,0.8777301490100025,2.359154929577465,1.1579631635969667,1.7364185110663983
"Dioxin degradation",-0.9231418918918892,2.3706563706563704,-1.2668918918918943,-0.8243243243243218,-9.54054054054058,-0.3108108108108094,-0.5090090090090068,-0.21396396396396267,10.27027027027027,-0.6016016016015994,2.039312039312039,-0.7690417690417684,-0.581081081081079,4.141891891891891,-2.039039039039044
"Vascular smooth muscle contraction",-0.4133333333333318,0.20000000000000057,-0.119999999999999,-0.06666666666666576,-0.03999999999999915,0.6799999999999999,0.20000000000000057,-0.813333333333331,0.33333333333333354,-0.8933333333333309,0.49333333333333323,-0.466666666666665,-0.2533333333333321,0.44,0.30666666666666703
"Antifolate resistance",-0.7333333333333312,0.30666666666666703,0.33333333333333354,0.8666666666666667,0.52,0.9199999999999999,-0.35999999999999854,-0.9199999999999975,0.76,0.36000000000000026,-0.8666666666666643,-0.119999999999999,0.6000000000000001,-0.35999999999999854,0.8133333333333332
"Renin secretion",-0.4133333333333318,0.20000000000000057,-0.119999999999999,-0.06666666666666576,-0.03999999999999915,0.6799999999999999,0.20000000000000057,-0.813333333333331,0.33333333333333354,-0.8933333333333309,0.49333333333333323,-0.466666666666665,-0.2533333333333321,0.44,0.30666666666666703
"Penicillin and cephalosporin biosynthesis",-0.119999999999999,-0.09333333333333238,-0.7066666666666646,0.38666666666666677,0.7333333333333334,0.38666666666666677,-0.17333333333333223,0.8133333333333332,1,-0.1466666666666656,-0.9466666666666641,-0.6799999999999979,-0.5466666666666649,-0.6533333333333313,-0.5466666666666649
"Prodigiosin biosynthesis",0.49333333333333323,-0.8399999999999976,-0.5999999999999981,0.44,-0.22666666666666546,-0.22666666666666546,-0.5066666666666663,-0.38666666666666516,0.9733333333333334,0.5733333333333333,0.9199999999999999,-0.9466666666666641,0.6533333333333333,-0.7599999999999978,0.1200000000000006
"Insulin resistance",-0.06666666666666576,-0.7066666666666646,0.9733333333333334,0.6266666666666667,0.76,-0.7866666666666644,0.2800000000000003,0.44,0.5733333333333333,-0.9733333333333307,0.06666666666666737,0.6266666666666667,0.01333333333333414,0.38666666666666677,0.36000000000000026
"Biosynthesis of vancomycin group antibiotics",-0.1466666666666656,0.7066666666666666,0.5733333333333333,0.6000000000000001,-0.3333333333333319,-0.7066666666666646,0.7333333333333334,-0.6533333333333313,-0.8399999999999976,0.2533333333333338,-0.7333333333333312,-0.3066666666666653,-0.4933333333333316,0.49333333333333323,0.9466666666666668
"AMPK signaling pathway",-0.06666666666666576,-0.7066666666666646,0.9733333333333334,0.6266666666666667,0.76,-0.7866666666666644,0.2800000000000003,0.44,0.5733333333333333,-0.9733333333333307,0.06666666666666737,0.6266666666666667,0.01333333333333414,0.38666666666666677,0.36000000000000026
"Taurine and hypotaurine metabolism",0.44,-0.9466666666666641,0.2800000000000003,0.30666666666666703,0.4133333333333335,0.49333333333333323,-0.9733333333333307,0.1200000000000006,0.7866666666666666,0.6266666666666667,0.8933333333333333,-0.2533333333333321,0.46666666666666673,0.46666666666666673,-0.6533333333333313
"Atrazine degradation",1,-0.19999999999999885,-0.6533333333333313,-0.4933333333333316,0.49333333333333323,-0.38666666666666516,0.17333333333333384,-0.4133333333333318,0.17333333333333384,0.0933333333333341,-0.5733333333333315,-0.5199999999999982,-0.7333333333333312,-0.6266666666666647,-0.466666666666665
"Thermogenesis",-0.2799999999999987,-0.5066666666666663,0.6799999999999999,0.01333333333333414,-0.4933333333333316,0.5466666666666666,-0.9199999999999975,0.20000000000000057,-0.38666666666666516,-0.3333333333333319,-0.8399999999999976,-0.5733333333333315,0.9733333333333334,0.33333333333333354,-0.7599999999999978
"Chlorocyclohexane and chlorobenzene degradation",-0.4189189189189173,2.265765765765766,0.6486486486486487,0.6806398234969664,0.6216216216216217,-2.862612612612623,-0.9459459459459432,-0.6648648648648623,-0.7567567567567544,0.6266002844950213,0.7567567567567568,2.072072072072072,3.807807807807808,-10.891891891891959,0.96509009009009
"Betalain biosynthesis",-0.1466666666666656,0.7066666666666666,0.5733333333333333,0.6000000000000001,-0.3333333333333319,-0.7066666666666646,0.7333333333333334,-0.6533333333333313,-0.8399999999999976,0.2533333333333338,-0.7333333333333312,-0.3066666666666653,-0.4933333333333316,0.49333333333333323,0.9466666666666668
"Stilbenoid, diarylheptanoid and gingerol biosynthesis",0.6266666666666667,-0.7599999999999978,-0.17333333333333223,0.0933333333333341,0.2800000000000003,-0.17333333333333223,0.8400000000000001,0.6799999999999999,0.6533333333333333,-0.19999999999999885,0.14666666666666733,0.52,-0.5733333333333315,1,0.5733333333333333
"Sphingolipid metabolism",0.6533333333333333,-0.38666666666666516,0.8400000000000001,-0.119999999999999,0.06666666666666737,0.8133333333333332,1,-0.9999999999999973,-0.813333333333331,-0.5733333333333315,-0.1466666666666656,-0.5999999999999981,0.7066666666666666,-0.1466666666666656,-0.8666666666666643
"Caprolactam degradation",-0.6266666666666647,0.1200000000000006,0.01333333333333414,0.8400000000000001,-0.6266666666666647,-0.35999999999999854,-0.7333333333333312,0.9466666666666668,0.38666666666666677,-0.3066666666666653,0.6266666666666667,0.6799999999999999,0.06666666666666737,0.04000000000000087,0.6266666666666667
"Selenocompound metabolism",0.44,-0.9466666666666641,0.2800000000000003,0.30666666666666703,0.4133333333333335,0.49333333333333323,-0.9733333333333307,0.1200000000000006,0.7866666666666666,0.6266666666666667,0.8933333333333333,-0.2533333333333321,0.46666666666666673,0.46666666666666673,-0.6533333333333313
"Phosphatidylinositol signaling system",-0.5733333333333315,0.04000000000000087,0.8933333333333333,-0.03999999999999915,-0.8666666666666643,-0.5466666666666649,0.06666666666666737,0.33333333333333354,-0.8933333333333309,-0.5066666666666663,-0.7866666666666644,-0.22666666666666546,-0.4399999999999984,0.9466666666666668,-0.38666666666666516
"Vitamin B6 metabolism",0.22666666666666707,-0.4399999999999984,0.06666666666666737,-0.17333333333333223,-0.6533333333333313,-0.5199999999999982,0.9199999999999999,0.14666666666666733,0.6799999999999999,-0.466666666666665,-0.466666666666665,0.44,0.20000000000000057,0.7333333333333334,0.7333333333333334
"Bile secretion",-0.8347490347490321,-0.5405405405405387,0.7773207990599296,-12.702702702702755,2.9789789789789793,-0.5405405405405386,1.1036036036036039,2.265765765765766,0.4324324324324327,-0.8378378378378353,0.5722273998136067,2.2882882882882885,-0.43468468468468324,0.6486486486486491,0.3513513513513514
"Pathways of neurodegeneration - multiple diseases",0.8666666666666667,0.33333333333333354,-0.466666666666665,0.14666666666666733,-0.06666666666666576,-0.19999999999999885,-0.2533333333333321,0.9733333333333334,-0.3333333333333319,-0.38666666666666516,-0.5199999999999982,-0.09333333333333238,0.33333333333333354,0.4133333333333335,0.4133333333333335
"Carbapenem biosynthesis",0.49333333333333323,-0.8399999999999976,-0.5999999999999981,0.44,-0.22666666666666546,-0.22666666666666546,-0.5066666666666663,-0.38666666666666516,0.9733333333333334,0.5733333333333333,0.9199999999999999,-0.9466666666666641,0.6533333333333333,-0.7599999999999978,0.1200000000000006
"C5-Branched dibasic acid metabolism",0.17333333333333384,0.22666666666666707,0.76,-0.7599999999999978,0.44,0.8933333333333333,0.7066666666666666,0.04000000000000087,0.06666666666666737,-0.7599999999999978,-0.03999999999999915,0.17333333333333384,-0.03999999999999915,-0.8666666666666643,0.8400000000000001
"Amino sugar and nucleotide sugar metabolism",2.0540540540540544,-0.6756756756756734,1.3433433433433433,1.0333863275039745,0.7972972972972973,-0.8513513513513489,0.5540540540540545,-3.4549549549549616,-4.423423423423395,-3.2457002457002564,-0.7716216216216196,-8.729729729729783,0.0810810810810817,0.35135135135135154,2.8513513513513518
"Fatty acid elongation",0.4133333333333335,-0.466666666666665,0.04000000000000087,0.6799999999999999,0.38666666666666677,-0.6266666666666647,0.9733333333333334,0.17333333333333384,-0.9466666666666641,-0.6266666666666647,0.5466666666666666,-0.35999999999999854,-0.8666666666666643,-0.09333333333333238,0.2533333333333338
"Histidine metabolism",-0.6533333333333313,0.0933333333333341,0.9466666666666668,-0.2533333333333321,0.2533333333333338,0.2533333333333338,-0.5466666666666649,0.8666666666666667,0.8133333333333332,-0.8399999999999976,0.7333333333333334,-0.7599999999999978,0.49333333333333323,0.9733333333333334,-0.06666666666666576
"Inositol phosphate metabolism",-0.5733333333333315,0.04000000000000087,0.8933333333333333,-0.03999999999999915,-0.8666666666666643,-0.5466666666666649,0.06666666666666737,0.33333333333333354,-0.8933333333333309,-0.5066666666666663,-0.7866666666666644,-0.22666666666666546,-0.4399999999999984,0.9466666666666668,-0.38666666666666516
"Primary bile acid biosynthesis",-0.2533333333333321,0.5466666666666666,0.6533333333333333,0.22666666666666707,0.8666666666666667,0.7333333333333334,0.6266666666666667,0.38666666666666677,-0.4133333333333318,0.52,-0.35999999999999854,-0.9733333333333307,-0.9199999999999975,-0.9199999999999975,0.7866666666666666
"Toluene degradation",0.01333333333333414,0.52,-0.8933333333333309,-0.9199999999999975,0.46666666666666673,-0.3333333333333319,-0.6799999999999979,-0.03999999999999915,-0.2799999999999987,-0.06666666666666576,-0.4133333333333318,0.0933333333333341,-0.7866666666666644,-0.7066666666666646,-0.5999999999999981
"Staurosporine biosynthesis",0.49333333333333323,-0.8399999999999976,-0.5999999999999981,0.44,-0.22666666666666546,-0.22666666666666546,-0.5066666666666663,-0.38666666666666516,0.9733333333333334,0.5733333333333333,0.9199999999999999,-0.9466666666666641,0.6533333333333333,-0.7599999999999978,0.1200000000000006
"Glycerophospholipid metabolism",0.8400000000000001,0.5733333333333333,-0.7599999999999978,0.52,-0.813333333333331,-0.3066666666666653,-0.4133333333333318,-0.06666666666666576,-0.5066666666666663,-0.4399999999999984,-0.6799999999999979,0.2533333333333338,0.4133333333333335,-0.466666666666665,-0.8933333333333309
"Fructose and mannose metabolism",0.14666666666666733,0.9199999999999999,0.30666666666666703,0.5466666666666666,-0.6799999999999979,-0.8399999999999976,-0.813333333333331,0.06666666666666737,-0.5733333333333315,-0.22666666666666546,0.20000000000000057,-0.813333333333331,-0.6266666666666647,-0.17333333333333223,-0.17333333333333223
"Quorum sensing",0.8666666666666667,0.33333333333333354,-0.466666666666665,0.14666666666666733,-0.06666666666666576,-0.19999999999999885,-0.2533333333333321,0.9733333333333334,-0.3333333333333319,-0.38666666666666516,-0.5199999999999982,-0.09333333333333238,0.33333333333333354,0.4133333333333335,0.4133333333333335
"Porphyrin and chlorophyll metabolism",-0.4324324324324307,0.7162162162162167,0.5945945945945947,-1.2668918918918943,0.6081081081081086,2.5297297297297296,0.5270270270270272,0.4054054054054055,-0.4324324324324307,0.7432432432432436,-0.9763513513513535,-2.090620031796511,-0.790713790713788,-2.3474903474903566,0.7837837837837838
"Pentose and glucuronate interconversions",-0.2799999999999987,-0.5066666666666663,0.6799999999999999,0.01333333333333414,-0.4933333333333316,0.5466666666666666,-0.9199999999999975,0.20000000000000057,-0.38666666666666516,-0.3333333333333319,-0.8399999999999976,-0.5733333333333315,0.9733333333333334,0.33333333333333354,-0.7599999999999978
"Phosphonate and phosphinate metabolism",-0.2533333333333321,0.5466666666666666,0.6533333333333333,0.22666666666666707,0.8666666666666667,0.7333333333333334,0.6266666666666667,0.38666666666666677,-0.4133333333333318,0.52,-0.35999999999999854,-0.9733333333333307,-0.9199999999999975,-0.9199999999999975,0.7866666666666666
"Naphthalene degradation",-0.8933333333333309,-0.35999999999999854,0.22666666666666707,-0.7066666666666646,-0.5466666666666649,-0.2799999999999987,-0.1466666666666656,-0.3066666666666653,0.2800000000000003,-0.6799999999999979,0.6799999999999999,-0.4133333333333318,-0.35999999999999854,0.8933333333333333,0.33333333333333354
"Biosynthesis of enediyne antibiotics",-0.1466666666666656,0.7066666666666666,0.5733333333333333,0.6000000000000001,-0.3333333333333319,-0.7066666666666646,0.7333333333333334,-0.6533333333333313,-0.8399999999999976,0.2533333333333338,-0.7333333333333312,-0.3066666666666653,-0.4933333333333316,0.49333333333333323,0.9466666666666668
"Indole alkaloid biosynthesis",-0.06666666666666576,-0.7066666666666646,0.9733333333333334,0.6266666666666667,0.76,-0.7866666666666644,0.2800000000000003,0.44,0.5733333333333333,-0.9733333333333307,0.06666666666666737,0.6266666666666667,0.01333333333333414,0.38666666666666677,0.36000000000000026
"Benzoate degradation",0.01333333333333414,0.52,-0.8933333333333309,-0.9199999999999975,0.46666666666666673,-0.3333333333333319,-0.6799999999999979,-0.03999999999999915,-0.2799999999999987,-0.06666666666666576,-0.4133333333333318,0.0933333333333341,-0.7866666666666644,-0.7066666666666646,-0.5999999999999981
"Flavonoid biosynthesis",0.6266666666666667,-0.7599999999999978,-0.17333333333333223,0.0933333333333341,0.2800000000000003,-0.17333333333333223,0.8400000000000001,0.6799999999999999,0.6533333333333333,-0.19999999999999885,0.14666666666666733,0.52,-0.5733333333333315,1,0.5733333333333333
"Neomycin, kanamycin and gentamicin biosynthesis",-0.06666666666666576,-0.7066666666666646,0.9733333333333334,0.6266666666666667,0.76,-0.7866666666666644,0.2800000000000003,0.44,0.5733333333333333,-0.9733333333333307,0.06666666666666737,0.6266666666666667,0.01333333333333414,0.38666666666666677,0.36000000000000026
"Aminobenzoate degradation",0.01333333333333414,0.52,-0.8933333333333309,-0.9199999999999975,0.46666666666666673,-0.3333333333333319,-0.6799999999999979,-0.03999999999999915,-0.2799999999999987,-0.06666666666666576,-0.4133333333333318,0.0933333333333341,-0.7866666666666644,-0.7066666666666646,-0.5999999999999981
"Ubiquinone and other terpenoid-quinone biosynthesis",-0.1466666666666656,0.7066666666666666,0.5733333333333333,0.6000000000000001,-0.3333333333333319,-0.7066666666666646,0.7333333333333334,-0.6533333333333313,-0.8399999999999976,0.2533333333333338,-0.7333333333333312,-0.3066666666666653,-0.4933333333333316,0.49333333333333323,0.9466666666666668
"Polycyclic aromatic hydrocarbon degradation",-0.8933333333333309,-0.35999999999999854,0.22666666666666707,-0.7066666666666646,-0.5466666666666649,-0.2799999999999987,-0.1466666666666656,-0.3066666666666653,0.2800000000000003,-0.6799999999999979,0.6799999999999999,-0.4133333333333318,-0.35999999999999854,0.8933333333333333,0.33333333333333354
"Isoquinoline alkaloid biosynthesis",-0.1466666666666656,0.7066666666666666,0.5733333333333333,0.6000000000000001,-0.3333333333333319,-0.7066666666666646,0.7333333333333334,-0.6533333333333313,-0.8399999999999976,0.2533333333333338,-0.7333333333333312,-0.3066666666666653,-0.4933333333333316,0.49333333333333323,0.9466666666666668
"Fatty acid metabolism",0.4133333333333335,-0.466666666666665,0.04000000000000087,0.6799999999999999,0.38666666666666677,-0.6266666666666647,0.9733333333333334,0.17333333333333384,-0.9466666666666641,-0.6266666666666647,0.5466666666666666,-0.35999999999999854,-0.8666666666666643,-0.09333333333333238,0.2533333333333338
"Biosynthesis of amino acids",-20.263922518159845,-6.734680573663622,1.0336362047876995,1.2172203389830514,11.534550195567135,0.9939532753092083,5.202762084118016,5.775423728813561,2.5587752870420992,1.1623159717926514,48.75847457627116,-0.9189917427205538,23.348668280871653,7.310980103168756,2.6216821234409995
"2-Oxocarboxylic acid metabolism",-2.0042643923240933,13.173134328358206,1.3511608623548914,0.8113476733977172,2.355042966983267,0.7790592492085023,-3.1407249466950855,2.271692385529978,1.5281656234954235,1.4492173279941745,-2.807327001356837,-0.6532626125570504,-1.731343283582093,-29.174129353233855,1.868573797678274
"Alanine, aspartate and glutamate metabolism",60.39130434782609,8.884057971014501,0.7129978317927653,2.003051106025934,2.1926133707339877,-3.9832775919732475,-1.9444444444444515,0.6042133572389071,2.472373188405797,1.586493987049028,1.908376320314419,2.3297101449275304,0.7616913192888093,0.7619431025228128,-2.962318840579715
"Glyoxylate and dicarboxylate metabolism",-13.632835820895544,3.0911513859275055,1.1320066334991687,1.0720236029156511,1.049840085287846,2.2321288295365274,2.7203777033201346,-1.3429789826378333,-1.4626865671641829,1.0569482683669031,1.8300803673937998,-3.815704088254372,6.010945273631837,-3.0656716417910252,-5.81509121061362
"Cyanoamino acid metabolism",-0.7736928104575129,1.0248868778280544,0.9060283687943267,0.6444444444444446,10.02731092436973,0.7773321449792044,1.673169267707084,2.5866013071895435,24.57352941176468,5.982352941176471,6.697963800904978,-0.7492912827781689,-2.39522058823529,24.57352941176468,24.57352941176468
"Biosynthesis of alkaloids derived from shikimate pathway",-4.9932157394844,1.243672939649578,4.430703624733475,94.53731343283584,8.868385345997286,-2.143374038896426,-2.93731343283581,12.686567164179102,-0.9691316146540057,0.6330982450385437,-1.758671431574526,5.870646766169133,1.8842079922965815,4.226514486391572,-36.358208955223795
"Taste transduction",-0.9900886802295238,-1.210711638250554,2.262910798122066,4.741784037558683,8.830985915492956,-1.5958173282116928,-1.48189134808853,1.4352112676056341,-1.882134914751667,-4.573063380281724,0.808792146820316,0.8454018227009118,0.6378269617706241,1.1864520456069754,-2.32394366197183
"ABC transporters",12.678787878787885,-1.9655502392344437,1.9005947323704353,3.8166666666666678,-11.705194805194786,2.020292207792209,5.927272727272726,1.5259832366215351,1.9296572280178854,-2.643741765480889,15.79860139860141,-1.5761444229529278,-61.860606060605946,3.8074515648286154,-6.614229249011867
"Aminoacyl-tRNA biosynthesis",-2.8215783454060146,5.980983606557382,1.1557377049180322,1.0861639344262295,11.742622950819678,1.0358546639823603,2.642950819672133,5.386659129451672,1.743454856863224,1.4031705998919113,4.21506635441062,-0.9338442137937735,-4.702273929138009,9.420765027322405,2.354350567465325
"Bacterial chemotaxis",-0.5753424657534265,-0.868594622019283,-2.49510763209394,3.3784246575342465,-1.3713850837138528,1.1205479452054785,24.64383561643836,2.428310502283104,2.738480697384806,-1.2848509266720431,0.46098868374032176,-1.112079701120801,18.47945205479452,1.4526027397260273,1.6342465753424658
"Glucagon signaling pathway",-41.41428571428571,1.562068965517242,0.9446428571428581,1.9523809523809528,1.9390977443609028,-0.8080443828016615,-1.6227272727272672,2.078571428571429,-0.8028011204481764,1.9321428571428583,3.2892857142857155,1.3039138943248543,1.0959758551307848,0.6151260504201684,4.757142857142857
"Biosynthesis of various secondary metabolites - part 3",-17.776190476190546,2.2706349206349214,0.8068895643363734,-1.320737327188937,0.702787456445993,0.8075731497418245,1.4870129870129882,2.183397683397684,-5.628571428571424,2.2706349206349214,-1.6507936507936467,-0.9278388278388242,-2.596703296703291,-4.074789915966379,-3.0714285714285663
"Carbon metabolism",2.784615384615385,2.784615384615385,1.129549718574109,1.630769230769232,0.9179487179487186,1.77002652519894,-12.343589743589737,-14.015384615384614,-2.292307692307687,0.9851851851851858,1.4028941355674032,-2.061538461538456,1.7360639360639363,1.786234817813767,-1.96016483516483
"Biosynthesis of alkaloids derived from onithine, lysine and nicotinic acid",-2.5844968704862707,1.2817910447761192,0.9164179104477607,-4.934152765583854,11.340796019900491,8.402985074626862,-1.2527526302911705,2.8340649692712905,2.0792466240227427,1.0071641791044772,2.4960722702278093,3.785383427689144,0.9577583779217121,2.1208955223880595,2.0879811468970937
"Biosynthesis of alkaloids derived from histidine and purine",2.274341702388243,1.4588028169014087,6.454225352112674,6.7364185110663986,1.4925034075420265,-6.392354124748537,-2.1567666870789934,1.7940979208584844,-0.3521126760563371,0.5559033211615372,2.004426559356137,0.8620689655172413,1.333568075117371,0.6869398207426377,21.154929577464795
"Biosynthesis of plant hormones",-1.1900840624463918,1.7436347673397712,0.7757334019557383,-18.492537313432862,-7.016073478760058,2.8423880597014946,-1.2142365097589012,-11.211940298507482,-5.474413646055455,1.7628163530175203,4.257995735607676,4.257995735607676,0.8308142830153029,1.0245001408054066,1.2465931213497723
"Phenylalanine metabolism",-0.8264437689969584,0.727450980392157,2.828571428571429,-5.623076923076917,-2.1099378881987545,-0.9460317460317421,6.771428571428572,-43.34285714285707,-0.7308488612836421,-26.342857142857206,12.685714285714287,3.6857142857142873,12.857142857142858,1.3262260127931773,2.341558441558443
"Central carbon metabolism in cancer",-5.569200779727081,2.998496240601499,1.1303258145363404,0.9497607655502391,3.7135774218154074,3.2902170680939626,-26.50877192982459,3.2136899626114452,3.488259109311738,1.8614035087719296,2.7561625582944695,-1.8908045977011543,2.3289473684210518,1.9153766769865836,2.8741565452091753
"Mineral absorption",-8.597336065573757,-7.350507416081169,2.354478498455692,0.8126593806921674,3.451275045537343,1.4650323356895774,1.8476775956284133,2.484103328365624,1.6273699215965773,1.7242388758782201,2.70819672131148,-1.2166456494325366,17.042154566744724,3.7923497267759587,1.9346864428831636
"Metabolic pathways",-4.725040257648958,2.7771164021163983,4.175783475783468,2.528429838288993,-7.216931216931222,4.2667977712225476,-6.291666666666669,10.309983896940418,30.222222222222197,7.305555555555548,4.468176914778856,-5.716361931551811,9.44444444444445,4.858585858585857,4.63983371126228
"Galactose metabolism",-1.7992223400494909,-1.6091097308488673,5.903079710144927,1.2050861361771947,-1.1256038647342979,-3.1046698872785896,-8.362318840579682,13.583333333333337,-1.6376811594202918,-0.8705647176411763,-1.1666666666666683,1.8216276477146038,4.2427536231884035,1.1937452326468345,1.5289855072463734
"Citrate cycle (TCA cycle)",-7.5416666666667,1.128684807256236,1.4502688172043017,-2.5305555555555523,1.3398692810457522,-0.7583979328165346,-1.957222222222217,6.180555555555556,-0.34722222222222154,0.6081871345029239,9.866666666666664,0.9493670886075949,0.7979390681003585,0.6544256120527305,-9.777777777777793
"Biosynthesis of plant secondary metabolites",10.332671300893745,5.083500602167793,1.0152160681679856,3.2545623260129903,19.871698113207557,2.524181305573627,3.4944506104328394,22.809433962264162,-10.921955403087441,2.4802544975866607,6.021629084215368,-4.433962264150962,4.111710092842165,2.849311575726669,3.8427672955974805
"Microbial metabolism in diverse environments",-2.9523182297154866,2.2080971659919033,2.801214574898786,4.938963210702343,6.737912087912088,-3.413461538461534,-4.958741258741252,5.8119136960600395,-5.326495726495724,1.5576923076923082,6.980769230769232,-2.898504273504267,-3.883374689826298,2.822422258592472,-2.978873239436615
"Two-component system",6.544117647058824,3.2058823529411775,1.1905228758169943,6.544117647058824,1.5735294117647072,-0.7292780748663077,-10.573529411764776,1.1115317414094357,4.957843137254903,-4.145721925133684,6.544117647058824,1.2184401850627902,0.565847234416155,0.6947817836812149,0.8965141612200437
"Protein digestion and absorption",-3.1628592483419276,2.2128498226251487,1.0475200166372052,2.1379150220571166,2.657499200511674,1.6440677966101707,4.414724576271188,2.579135831940798,1.4469822240595291,2.0798699791037847,3.5638852672750994,-1.3056062581486292,7.515843773028741,4.02801798685576,1.5151144504630447
"Arginine biosynthesis",1.291666666666668,4.1944444444444455,4.444444444444445,-0.3472222222222216,28.361111111111107,-0.6898148148148132,1.1488095238095237,0.9178743961352662,0.8254716981132075,-0.9861111111111086,-1.352777777777773,6.597222222222193,1.4000000000000008,1.1766169154228858,1.4500000000000008
"Valine, leucine and isoleucine biosynthesis",-2.111111111111107,2.399572649572649,-4.121212121212135,1.9861111111111112,0.8503584229390687,1.0170940170940188,0.8446969696969704,0.8405797101449283,1.369444444444445,0.6666666666666673,3.640151515151516,-1.6777777777777736,-0.8038548752834439,1.6805555555555558,-2.027777777777776
