ID,NodeType,weight,x,y,degree,degree.in,degreeCentrality,label,degree.out,OutDegreeCentrality
"1,1",0,1,0,0,2,1,0.0013477088948787063,1,1,0.0013477088948787063
"1,10",5,1,0,0,2,1,0.0013477088948787063,5,1,0.0013477088948787063
"1,100",44,1,0,0,1,1,0.0006738544474393531,373,,
"1,101",44,1,0,0,2,,0.0013477088948787063,23048,2,0.0026954177897574125
"1,102",45,1,0,0,1,1,0.0006738544474393531,379,,
"1,103",45,1,0,0,1,,0.0006738544474393531,3376,1,0.0013477088948787063
"1,104",46,1,0,0,1,1,0.0006738544474393531,389,,
"1,105",46,1,0,0,1,,0.0006738544474393531,16217,1,0.0013477088948787063
"1,106",47,1,0,0,1,1,0.0006738544474393531,390,,
"1,107",47,1,0,0,1,,0.0006738544474393531,1221,1,0.0013477088948787063
"1,108",4,1,0,0,1,1,0.0006738544474393531,395,,
"1,109",4,1,0,0,3,,0.0020215633423180594,3753,3,0.004043126684636119
"1,11",5,1,0,0,1,,0.0006738544474393531,3511,1,0.0013477088948787063
"1,110",48,1,0,0,1,1,0.0006738544474393531,405,,
"1,111",48,1,0,0,1,,0.0006738544474393531,3109,1,0.0013477088948787063
"1,112",49,1,0,0,1,1,0.0006738544474393531,407,,
"1,113",49,1,0,0,1,,0.0006738544474393531,2050,1,0.0013477088948787063
"1,114",50,1,0,0,1,1,0.0006738544474393531,416,,
"1,115",50,1,0,0,3,,0.0020215633423180594,1510,3,0.004043126684636119
"1,116",51,1,0,0,1,1,0.0006738544474393531,426,,
"1,117",51,1,0,0,1,,0.0006738544474393531,3410,1,0.0013477088948787063
"1,118",1,1,0,0,1,1,0.0006738544474393531,473,,
"1,119",52,1,0,0,1,1,0.0006738544474393531,486,,
"1,12",6,1,0,0,3,1,0.0020215633423180594,6,2,0.0026954177897574125
"1,120",52,1,0,0,2,,0.0013477088948787063,4462,2,0.0026954177897574125
"1,121",53,1,0,0,1,1,0.0006738544474393531,529,,
"1,122",53,1,0,0,3,,0.0020215633423180594,9927,3,0.004043126684636119
"1,123",54,1,0,0,1,1,0.0006738544474393531,538,,
"1,124",54,1,0,0,1,,0.0006738544474393531,537,1,0.0013477088948787063
"1,125",55,1,0,0,1,1,0.0006738544474393531,547,,
"1,126",55,1,0,0,1,,0.0006738544474393531,3917,1,0.0013477088948787063
"1,127",56,1,0,0,1,1,0.0006738544474393531,554,,
"1,128",56,1,0,0,1,,0.0006738544474393531,6846,1,0.0013477088948787063
"1,129",57,1,0,0,1,1,0.0006738544474393531,578,,
"1,13",6,1,0,0,1,,0.0006738544474393531,279,1,0.0013477088948787063
"1,130",57,1,0,0,2,,0.0013477088948787063,27872,2,0.0026954177897574125
"1,131",58,1,0,0,1,1,0.0006738544474393531,585,,
"1,132",58,1,0,0,1,,0.0006738544474393531,5792,1,0.0013477088948787063
"1,133",16,1,0,0,1,1,0.0006738544474393531,590,,
"1,134",59,1,0,0,1,1,0.0006738544474393531,603,,
"1,14",7,1,0,0,3,2,0.0020215633423180594,7,1,0.0013477088948787063
"1,15",7,1,0,0,3,1,0.0020215633423180594,928,2,0.0026954177897574125
"1,16",7,1,0,0,4,,0.0026954177897574125,3514,4,0.005390835579514825
"1,17",8,1,0,0,2,1,0.0013477088948787063,8,1,0.0013477088948787063
"1,18",8,1,0,0,3,,0.0020215633423180594,271,3,0.004043126684636119
"1,19",9,1,0,0,5,1,0.0033692722371967657,9,4,0.005390835579514825
"1,2",0,1,0,0,1,,0.0006738544474393531,0,1,0.0013477088948787063
"1,20",9,1,0,0,4,,0.0026954177897574125,1561,4,0.005390835579514825
"1,21",10,1,0,0,3,1,0.0020215633423180594,10,2,0.0026954177897574125
"1,22",10,1,0,0,3,,0.0020215633423180594,5248,3,0.004043126684636119
"1,23",11,1,0,0,2,1,0.0013477088948787063,11,1,0.0013477088948787063
"1,24",11,1,0,0,3,,0.0020215633423180594,6979,3,0.004043126684636119
"1,25",12,1,0,0,4,1,0.0026954177897574125,12,3,0.004043126684636119
"1,26",12,1,0,0,1,,0.0006738544474393531,2481,1,0.0013477088948787063
"1,27",13,1,0,0,4,1,0.0026954177897574125,13,3,0.004043126684636119
"1,28",13,1,0,0,4,,0.0026954177897574125,33553,4,0.005390835579514825
"1,29",14,1,0,0,1,1,0.0006738544474393531,14,,
"1,3",1,1,0,0,4,1,0.0026954177897574125,2,3,0.004043126684636119
"1,30",14,1,0,0,1,,0.0006738544474393531,18224,1,0.0013477088948787063
"1,31",15,1,0,0,1,1,0.0006738544474393531,15,,
"1,32",15,1,0,0,1,,0.0006738544474393531,30983,1,0.0013477088948787063
"1,33",16,1,0,0,2,1,0.0013477088948787063,16,1,0.0013477088948787063
"1,34",16,1,0,0,4,,0.0026954177897574125,33682,4,0.005390835579514825
"1,35",17,1,0,0,1,1,0.0006738544474393531,17,,
"1,36",17,1,0,0,1,,0.0006738544474393531,3898,1,0.0013477088948787063
"1,37",4,1,0,0,2,2,0.0013477088948787063,19,,
"1,38",4,1,0,0,4,,0.0026954177897574125,10334,4,0.005390835579514825
"1,39",18,1,0,0,1,1,0.0006738544474393531,48,,
"1,4",1,1,0,0,1,,0.0006738544474393531,668,1,0.0013477088948787063
"1,40",18,1,0,0,1,,0.0006738544474393531,25730,1,0.0013477088948787063
"1,41",19,1,0,0,1,1,0.0006738544474393531,54,,
"1,42",19,1,0,0,4,,0.0026954177897574125,32564,4,0.005390835579514825
"1,43",20,1,0,0,1,1,0.0006738544474393531,68,,
"1,44",20,1,0,0,1,,0.0006738544474393531,445,1,0.0013477088948787063
"1,45",21,1,0,0,2,2,0.0013477088948787063,74,,
"1,46",21,1,0,0,2,,0.0013477088948787063,210,2,0.0026954177897574125
"1,47",21,1,0,0,3,,0.0020215633423180594,1136,3,0.004043126684636119
"1,48",22,1,0,0,1,1,0.0006738544474393531,108,,
"1,49",22,1,0,0,1,,0.0006738544474393531,107,1,0.0013477088948787063
"1,5",2,1,0,0,1,1,0.0006738544474393531,3,,
"1,50",23,1,0,0,1,1,0.0006738544474393531,111,,
"1,51",23,1,0,0,2,1,0.0013477088948787063,3915,1,0.0013477088948787063
"1,52",1,1,0,0,1,1,0.0006738544474393531,114,,
"1,53",24,1,0,0,1,1,0.0006738544474393531,117,,
"1,54",24,1,0,0,3,1,0.0020215633423180594,241,2,0.0026954177897574125
"1,55",25,1,0,0,1,1,0.0006738544474393531,119,,
"1,56",25,1,0,0,1,,0.0006738544474393531,118,1,0.0013477088948787063
"1,57",26,1,0,0,1,1,0.0006738544474393531,128,,
"1,58",26,1,0,0,1,,0.0006738544474393531,32571,1,0.0013477088948787063
"1,59",27,1,0,0,1,1,0.0006738544474393531,142,,
"1,6",2,1,0,0,2,1,0.0013477088948787063,12465,1,0.0013477088948787063
"1,60",27,1,0,0,2,,0.0013477088948787063,607,2,0.0026954177897574125
"1,61",28,1,0,0,1,1,0.0006738544474393531,158,,
"1,62",28,1,0,0,1,,0.0006738544474393531,1538,1,0.0013477088948787063
"1,63",29,1,0,0,1,1,0.0006738544474393531,161,,
"1,64",29,1,0,0,3,,0.0020215633423180594,320,3,0.004043126684636119
"1,65",30,1,0,0,3,1,0.0020215633423180594,164,2,0.0026954177897574125
"1,66",30,1,0,0,1,,0.0006738544474393531,5630,1,0.0013477088948787063
"1,67",31,1,0,0,1,1,0.0006738544474393531,165,,
"1,68",31,1,0,0,1,,0.0006738544474393531,8443,1,0.0013477088948787063
"1,69",4,1,0,0,2,2,0.0013477088948787063,184,,
"1,7",3,1,0,0,5,2,0.0033692722371967657,4,3,0.004043126684636119
"1,70",4,1,0,0,1,,0.0006738544474393531,2323,1,0.0013477088948787063
"1,71",32,1,0,0,2,2,0.0013477088948787063,211,,
"1,72",32,1,0,0,1,,0.0006738544474393531,21175,1,0.0013477088948787063
"1,73",32,1,0,0,4,,0.0026954177897574125,73,4,0.005390835579514825
"1,74",33,1,0,0,1,1,0.0006738544474393531,217,,
"1,75",33,1,0,0,1,,0.0006738544474393531,11530,1,0.0013477088948787063
"1,76",24,1,0,0,1,,0.0006738544474393531,2420,1,0.0013477088948787063
"1,77",34,1,0,0,1,1,0.0006738544474393531,242,,
"1,78",34,1,0,0,2,,0.0013477088948787063,3765,2,0.0026954177897574125
"1,79",32,1,0,0,2,2,0.0013477088948787063,252,,
"1,8",3,1,0,0,2,,0.0013477088948787063,13126,2,0.0026954177897574125
"1,80",32,1,0,0,2,,0.0013477088948787063,367,2,0.0026954177897574125
"1,81",35,1,0,0,1,1,0.0006738544474393531,255,,
"1,82",35,1,0,0,1,,0.0006738544474393531,26130,1,0.0013477088948787063
"1,83",36,1,0,0,1,1,0.0006738544474393531,259,,
"1,84",36,1,0,0,2,,0.0013477088948787063,163,2,0.0026954177897574125
"1,85",37,1,0,0,1,1,0.0006738544474393531,272,,
"1,86",37,1,0,0,1,,0.0006738544474393531,33517,1,0.0013477088948787063
"1,87",38,1,0,0,1,1,0.0006738544474393531,278,,
"1,88",38,1,0,0,1,,0.0006738544474393531,3621,1,0.0013477088948787063
"1,89",39,1,0,0,1,1,0.0006738544474393531,280,,
"1,9",4,1,0,0,5,,0.0033692722371967657,1960,5,0.006738544474393531
"1,90",39,1,0,0,3,,0.0020215633423180594,3396,3,0.004043126684636119
"1,91",40,1,0,0,1,1,0.0006738544474393531,301,,
"1,92",40,1,0,0,3,1,0.0020215633423180594,2949,2,0.0026954177897574125
"1,93",41,1,0,0,1,1,0.0006738544474393531,306,,
"1,94",41,1,0,0,1,,0.0006738544474393531,8042,1,0.0013477088948787063
"1,95",42,1,0,0,1,1,0.0006738544474393531,321,,
"1,96",42,1,0,0,1,,0.0006738544474393531,33868,1,0.0013477088948787063
"1,97",43,1,0,0,1,1,0.0006738544474393531,331,,
"1,98",43,1,0,0,1,,0.0006738544474393531,330,1,0.0013477088948787063
"1,99",21,1,0,0,1,1,0.0006738544474393531,368,,
"2,1",59,1,0,0,2,,0.0013477088948787063,4985,2,0.0026954177897574125
"2,10",63,1,0,0,2,,0.0013477088948787063,1482,2,0.0026954177897574125
"2,100",103,1,0,0,1,1,0.0006738544474393531,1365,,
"2,101",103,1,0,0,1,,0.0006738544474393531,16707,1,0.0013477088948787063
"2,102",32,1,0,0,2,2,0.0013477088948787063,1369,,
"2,103",32,1,0,0,3,,0.0020215633423180594,12473,3,0.004043126684636119
"2,104",4,1,0,0,3,,0.0020215633423180594,2424,3,0.004043126684636119
"2,105",21,1,0,0,1,1,0.0006738544474393531,1374,,
"2,106",104,1,0,0,1,1,0.0006738544474393531,1389,,
"2,107",104,1,0,0,2,,0.0013477088948787063,4586,2,0.0026954177897574125
"2,108",105,1,0,0,1,1,0.0006738544474393531,1436,,
"2,109",105,1,0,0,2,,0.0013477088948787063,216,2,0.0026954177897574125
"2,11",64,1,0,0,1,1,0.0006738544474393531,659,,
"2,110",106,1,0,0,1,1,0.0006738544474393531,1442,,
"2,111",106,1,0,0,2,,0.0013477088948787063,33503,2,0.0026954177897574125
"2,112",107,1,0,0,1,1,0.0006738544474393531,1451,,
"2,113",107,1,0,0,1,,0.0006738544474393531,2766,1,0.0013477088948787063
"2,114",108,1,0,0,1,1,0.0006738544474393531,1479,,
"2,115",108,1,0,0,2,,0.0013477088948787063,4731,2,0.0026954177897574125
"2,116",109,1,0,0,1,1,0.0006738544474393531,1483,,
"2,117",109,1,0,0,1,,0.0006738544474393531,4187,1,0.0013477088948787063
"2,118",110,1,0,0,1,1,0.0006738544474393531,1490,,
"2,119",110,1,0,0,1,,0.0006738544474393531,32332,1,0.0013477088948787063
"2,12",64,1,0,0,2,,0.0013477088948787063,9351,2,0.0026954177897574125
"2,120",111,1,0,0,1,1,0.0006738544474393531,1491,,
"2,121",111,1,0,0,1,,0.0006738544474393531,5389,1,0.0013477088948787063
"2,122",112,1,0,0,1,1,0.0006738544474393531,1497,,
"2,123",112,1,0,0,1,,0.0006738544474393531,29348,1,0.0013477088948787063
"2,124",53,1,0,0,1,1,0.0006738544474393531,1499,,
"2,125",113,1,0,0,1,1,0.0006738544474393531,1511,,
"2,126",113,1,0,0,3,,0.0020215633423180594,415,3,0.004043126684636119
"2,127",114,1,0,0,1,1,0.0006738544474393531,1513,,
"2,128",114,1,0,0,1,,0.0006738544474393531,528,1,0.0013477088948787063
"2,129",115,1,0,0,1,1,0.0006738544474393531,1527,,
"2,13",65,1,0,0,1,1,0.0006738544474393531,664,,
"2,130",115,1,0,0,1,,0.0006738544474393531,1526,1,0.0013477088948787063
"2,131",95,1,0,0,1,1,0.0006738544474393531,1539,,
"2,132",95,1,0,0,2,,0.0013477088948787063,157,2,0.0026954177897574125
"2,133",116,1,0,0,1,1,0.0006738544474393531,1554,,
"2,134",116,1,0,0,1,,0.0006738544474393531,33098,1,0.0013477088948787063
"2,14",65,1,0,0,1,,0.0006738544474393531,4088,1,0.0013477088948787063
"2,15",0,1,0,0,1,1,0.0006738544474393531,669,,
"2,16",2,1,0,0,1,1,0.0006738544474393531,670,,
"2,17",2,1,0,0,2,,0.0013477088948787063,8046,2,0.0026954177897574125
"2,18",66,1,0,0,1,1,0.0006738544474393531,679,,
"2,19",66,1,0,0,2,,0.0013477088948787063,1478,2,0.0026954177897574125
"2,2",60,1,0,0,1,1,0.0006738544474393531,608,,
"2,20",67,1,0,0,1,1,0.0006738544474393531,702,,
"2,21",67,1,0,0,1,,0.0006738544474393531,2853,1,0.0013477088948787063
"2,22",68,1,0,0,1,1,0.0006738544474393531,707,,
"2,23",68,1,0,0,1,,0.0006738544474393531,25887,1,0.0013477088948787063
"2,24",69,1,0,0,1,1,0.0006738544474393531,738,,
"2,25",69,1,0,0,2,,0.0013477088948787063,6842,2,0.0026954177897574125
"2,26",70,1,0,0,1,1,0.0006738544474393531,748,,
"2,27",70,1,0,0,1,,0.0006738544474393531,16349,1,0.0013477088948787063
"2,28",71,1,0,0,1,1,0.0006738544474393531,793,,
"2,29",71,1,0,0,1,,0.0006738544474393531,792,1,0.0013477088948787063
"2,3",60,1,0,0,1,,0.0006738544474393531,10052,1,0.0013477088948787063
"2,30",72,1,0,0,1,1,0.0006738544474393531,806,,
"2,31",72,1,0,0,4,,0.0026954177897574125,10993,4,0.005390835579514825
"2,32",73,1,0,0,1,1,0.0006738544474393531,813,,
"2,33",73,1,0,0,2,1,0.0013477088948787063,8004,1,0.0013477088948787063
"2,34",74,1,0,0,1,1,0.0006738544474393531,854,,
"2,35",74,1,0,0,1,,0.0006738544474393531,761,1,0.0013477088948787063
"2,36",75,1,0,0,1,1,0.0006738544474393531,903,,
"2,37",75,1,0,0,1,,0.0006738544474393531,1551,1,0.0013477088948787063
"2,38",76,1,0,0,1,1,0.0006738544474393531,904,,
"2,39",76,1,0,0,1,,0.0006738544474393531,26552,1,0.0013477088948787063
"2,4",61,1,0,0,1,1,0.0006738544474393531,613,,
"2,40",77,1,0,0,1,1,0.0006738544474393531,908,,
"2,41",77,1,0,0,1,,0.0006738544474393531,907,1,0.0013477088948787063
"2,42",78,1,0,0,3,1,0.0020215633423180594,927,2,0.0026954177897574125
"2,43",78,1,0,0,3,,0.0020215633423180594,15548,3,0.004043126684636119
"2,44",7,1,0,0,1,,0.0006738544474393531,4352,1,0.0013477088948787063
"2,45",79,1,0,0,1,1,0.0006738544474393531,929,,
"2,46",79,1,0,0,1,,0.0006738544474393531,17020,1,0.0013477088948787063
"2,47",80,1,0,0,1,1,0.0006738544474393531,930,,
"2,48",80,1,0,0,1,,0.0006738544474393531,6432,1,0.0013477088948787063
"2,49",64,1,0,0,1,1,0.0006738544474393531,942,,
"2,5",61,1,0,0,1,,0.0006738544474393531,2892,1,0.0013477088948787063
"2,50",81,1,0,0,1,1,0.0006738544474393531,947,,
"2,51",81,1,0,0,4,,0.0026954177897574125,1915,4,0.005390835579514825
"2,52",82,1,0,0,1,1,0.0006738544474393531,972,,
"2,53",82,1,0,0,1,,0.0006738544474393531,20506,1,0.0013477088948787063
"2,54",83,1,0,0,1,1,0.0006738544474393531,1010,,
"2,55",83,1,0,0,1,,0.0006738544474393531,11668,1,0.0013477088948787063
"2,56",84,1,0,0,1,1,0.0006738544474393531,1030,,
"2,57",84,1,0,0,2,,0.0013477088948787063,20236,2,0.0026954177897574125
"2,58",85,1,0,0,1,1,0.0006738544474393531,1045,,
"2,59",85,1,0,0,2,,0.0013477088948787063,5128,2,0.0026954177897574125
"2,6",62,1,0,0,1,1,0.0006738544474393531,622,,
"2,60",86,1,0,0,1,1,0.0006738544474393531,1068,,
"2,61",86,1,0,0,1,,0.0006738544474393531,1070,1,0.0013477088948787063
"2,62",87,1,0,0,1,1,0.0006738544474393531,1113,,
"2,63",87,1,0,0,1,,0.0006738544474393531,30025,1,0.0013477088948787063
"2,64",88,1,0,0,1,1,0.0006738544474393531,1121,,
"2,65",88,1,0,0,1,,0.0006738544474393531,25209,1,0.0013477088948787063
"2,66",89,1,0,0,2,1,0.0013477088948787063,1126,1,0.0013477088948787063
"2,67",89,1,0,0,1,,0.0006738544474393531,18096,1,0.0013477088948787063
"2,68",13,1,0,0,1,1,0.0006738544474393531,1131,,
"2,69",32,1,0,0,2,2,0.0013477088948787063,1137,,
"2,7",62,1,0,0,2,,0.0013477088948787063,1441,2,0.0026954177897574125
"2,70",90,1,0,0,1,1,0.0006738544474393531,1142,,
"2,71",90,1,0,0,3,,0.0020215633423180594,32860,3,0.004043126684636119
"2,72",91,1,0,0,1,1,0.0006738544474393531,1149,,
"2,73",91,1,0,0,2,,0.0013477088948787063,8994,2,0.0026954177897574125
"2,74",92,1,0,0,1,1,0.0006738544474393531,1155,,
"2,75",92,1,0,0,1,,0.0006738544474393531,1760,1,0.0013477088948787063
"2,76",1,1,0,0,1,1,0.0006738544474393531,1170,,
"2,77",93,1,0,0,1,1,0.0006738544474393531,1185,,
"2,78",93,1,0,0,3,,0.0020215633423180594,31802,3,0.004043126684636119
"2,79",94,1,0,0,1,1,0.0006738544474393531,1222,,
"2,8",10,1,0,0,1,1,0.0006738544474393531,624,,
"2,80",94,1,0,0,1,,0.0006738544474393531,43,1,0.0013477088948787063
"2,81",90,1,0,0,1,1,0.0006738544474393531,1230,,
"2,82",95,1,0,0,1,1,0.0006738544474393531,1269,,
"2,83",95,1,0,0,2,1,0.0013477088948787063,2286,1,0.0013477088948787063
"2,84",96,1,0,0,1,1,0.0006738544474393531,1275,,
"2,85",96,1,0,0,1,,0.0006738544474393531,20780,1,0.0013477088948787063
"2,86",97,1,0,0,1,1,0.0006738544474393531,1290,,
"2,87",97,1,0,0,2,,0.0013477088948787063,546,2,0.0026954177897574125
"2,88",98,1,0,0,3,1,0.0020215633423180594,1291,2,0.0026954177897574125
"2,89",98,1,0,0,3,,0.0020215633423180594,67,3,0.004043126684636119
"2,9",63,1,0,0,1,1,0.0006738544474393531,649,,
"2,90",99,1,0,0,2,1,0.0013477088948787063,1292,1,0.0013477088948787063
"2,91",99,1,0,0,2,,0.0013477088948787063,11265,2,0.0026954177897574125
"2,92",100,1,0,0,1,1,0.0006738544474393531,1300,,
"2,93",100,1,0,0,2,1,0.0013477088948787063,3256,1,0.0013477088948787063
"2,94",101,1,0,0,1,1,0.0006738544474393531,1317,,
"2,95",101,1,0,0,3,1,0.0020215633423180594,28015,2,0.0026954177897574125
"2,96",50,1,0,0,1,1,0.0006738544474393531,1348,,
"2,97",30,1,0,0,1,1,0.0006738544474393531,1353,,
"2,98",102,1,0,0,1,1,0.0006738544474393531,1358,,
"2,99",102,1,0,0,1,,0.0006738544474393531,3101,1,0.0013477088948787063
"3,1",117,1,0,0,1,1,0.0006738544474393531,1555,,
"3,10",120,1,0,0,2,,0.0013477088948787063,6330,2,0.0026954177897574125
"3,100",155,1,0,0,1,,0.0006738544474393531,26823,1,0.0013477088948787063
"3,101",11,1,0,0,1,1,0.0006738544474393531,2482,,
"3,102",78,1,0,0,1,1,0.0006738544474393531,2485,,
"3,103",156,1,0,0,1,1,0.0006738544474393531,2500,,
"3,104",156,1,0,0,2,,0.0013477088948787063,6985,2,0.0026954177897574125
"3,105",157,1,0,0,1,1,0.0006738544474393531,2554,,
"3,106",157,1,0,0,1,,0.0006738544474393531,254,1,0.0013477088948787063
"3,107",158,1,0,0,1,1,0.0006738544474393531,2555,,
"3,108",158,1,0,0,2,,0.0013477088948787063,6708,2,0.0026954177897574125
"3,109",159,1,0,0,1,1,0.0006738544474393531,2556,,
"3,11",24,1,0,0,1,1,0.0006738544474393531,1628,,
"3,110",159,1,0,0,1,,0.0006738544474393531,29212,1,0.0013477088948787063
"3,111",160,1,0,0,1,1,0.0006738544474393531,2576,,
"3,112",160,1,0,0,1,,0.0006738544474393531,3225,1,0.0013477088948787063
"3,113",161,1,0,0,1,1,0.0006738544474393531,2594,,
"3,114",161,1,0,0,1,,0.0006738544474393531,5785,1,0.0013477088948787063
"3,115",162,1,0,0,1,1,0.0006738544474393531,2631,,
"3,116",162,1,0,0,2,,0.0013477088948787063,3259,2,0.0026954177897574125
"3,117",99,1,0,0,2,1,0.0013477088948787063,2632,1,0.0013477088948787063
"3,118",163,1,0,0,1,1,0.0006738544474393531,2634,,
"3,119",163,1,0,0,1,,0.0006738544474393531,2894,1,0.0013477088948787063
"3,12",24,1,0,0,3,2,0.0020215633423180594,3766,1,0.0013477088948787063
"3,120",32,1,0,0,1,1,0.0006738544474393531,2694,,
"3,121",119,1,0,0,1,1,0.0006738544474393531,2732,,
"3,122",125,1,0,0,1,,0.0006738544474393531,1357,1,0.0013477088948787063
"3,123",19,1,0,0,1,1,0.0006738544474393531,2751,,
"3,124",164,1,0,0,1,1,0.0006738544474393531,2767,,
"3,125",164,1,0,0,2,,0.0013477088948787063,5803,2,0.0026954177897574125
"3,126",165,1,0,0,1,1,0.0006738544474393531,2830,,
"3,127",165,1,0,0,2,,0.0013477088948787063,5509,2,0.0026954177897574125
"3,128",166,1,0,0,1,1,0.0006738544474393531,2848,,
"3,129",166,1,0,0,1,,0.0006738544474393531,1770,1,0.0013477088948787063
"3,13",10,1,0,0,1,1,0.0006738544474393531,1633,,
"3,130",4,1,0,0,2,2,0.0013477088948787063,2857,,
"3,131",4,1,0,0,1,,0.0006738544474393531,19702,1,0.0013477088948787063
"3,132",167,1,0,0,1,1,0.0006738544474393531,2893,,
"3,133",167,1,0,0,1,,0.0006738544474393531,612,1,0.0013477088948787063
"3,134",168,1,0,0,1,1,0.0006738544474393531,2900,,
"3,14",121,1,0,0,1,1,0.0006738544474393531,1660,,
"3,15",121,1,0,0,2,,0.0013477088948787063,12736,2,0.0026954177897574125
"3,16",122,1,0,0,1,1,0.0006738544474393531,1662,,
"3,17",122,1,0,0,3,,0.0020215633423180594,27234,3,0.004043126684636119
"3,18",118,1,0,0,1,1,0.0006738544474393531,1663,,
"3,19",3,1,0,0,1,1,0.0006738544474393531,1715,,
"3,2",117,1,0,0,2,,0.0013477088948787063,1435,2,0.0026954177897574125
"3,20",3,1,0,0,4,1,0.0026954177897574125,3512,3,0.004043126684636119
"3,21",123,1,0,0,1,1,0.0006738544474393531,1746,,
"3,22",123,1,0,0,1,,0.0006738544474393531,1261,1,0.0013477088948787063
"3,23",124,1,0,0,1,1,0.0006738544474393531,1749,,
"3,24",124,1,0,0,1,,0.0006738544474393531,12991,1,0.0013477088948787063
"3,25",125,1,0,0,1,1,0.0006738544474393531,1761,,
"3,26",125,1,0,0,2,1,0.0013477088948787063,2750,1,0.0013477088948787063
"3,27",126,1,0,0,1,1,0.0006738544474393531,1779,,
"3,28",126,1,0,0,1,,0.0006738544474393531,8053,1,0.0013477088948787063
"3,29",127,1,0,0,1,1,0.0006738544474393531,1788,,
"3,3",8,1,0,0,1,1,0.0006738544474393531,1562,,
"3,30",127,1,0,0,1,,0.0006738544474393531,2075,1,0.0013477088948787063
"3,31",128,1,0,0,1,1,0.0006738544474393531,1818,,
"3,32",128,1,0,0,1,,0.0006738544474393531,2468,1,0.0013477088948787063
"3,33",4,1,0,0,2,2,0.0013477088948787063,1823,,
"3,34",129,1,0,0,1,1,0.0006738544474393531,1841,,
"3,35",129,1,0,0,1,,0.0006738544474393531,34290,1,0.0013477088948787063
"3,36",130,1,0,0,1,1,0.0006738544474393531,1880,,
"3,37",130,1,0,0,1,,0.0006738544474393531,1879,1,0.0013477088948787063
"3,38",131,1,0,0,1,1,0.0006738544474393531,1884,,
"3,39",131,1,0,0,1,,0.0006738544474393531,1883,1,0.0013477088948787063
"3,4",8,1,0,0,4,1,0.0026954177897574125,33518,3,0.004043126684636119
"3,40",104,1,0,0,1,1,0.0006738544474393531,1916,,
"3,41",132,1,0,0,1,1,0.0006738544474393531,1924,,
"3,42",132,1,0,0,6,,0.004043126684636119,2749,6,0.008086253369272238
"3,43",133,1,0,0,1,1,0.0006738544474393531,1926,,
"3,44",133,1,0,0,1,,0.0006738544474393531,25761,1,0.0013477088948787063
"3,45",134,1,0,0,1,1,0.0006738544474393531,1935,,
"3,46",134,1,0,0,1,,0.0006738544474393531,15146,1,0.0013477088948787063
"3,47",135,1,0,0,1,1,0.0006738544474393531,1937,,
"3,48",135,1,0,0,1,,0.0006738544474393531,3151,1,0.0013477088948787063
"3,49",136,1,0,0,1,1,0.0006738544474393531,1942,,
"3,5",118,1,0,0,1,1,0.0006738544474393531,1570,,
"3,50",136,1,0,0,2,,0.0013477088948787063,14455,2,0.0026954177897574125
"3,51",137,1,0,0,1,1,0.0006738544474393531,1957,,
"3,52",137,1,0,0,4,,0.0026954177897574125,1520,4,0.005390835579514825
"3,53",4,1,0,0,2,2,0.0013477088948787063,1961,,
"3,54",6,1,0,0,3,,0.0020215633423180594,183,3,0.004043126684636119
"3,55",138,1,0,0,1,1,0.0006738544474393531,1973,,
"3,56",138,1,0,0,1,,0.0006738544474393531,12999,1,0.0013477088948787063
"3,57",40,1,0,0,1,1,0.0006738544474393531,2016,,
"3,58",40,1,0,0,2,,0.0013477088948787063,663,2,0.0026954177897574125
"3,59",139,1,0,0,1,1,0.0006738544474393531,2018,,
"3,6",118,1,0,0,3,,0.0020215633423180594,28542,3,0.004043126684636119
"3,60",139,1,0,0,2,,0.0013477088948787063,3505,2,0.0026954177897574125
"3,61",140,1,0,0,1,1,0.0006738544474393531,2025,,
"3,62",140,1,0,0,1,,0.0006738544474393531,2024,1,0.0013477088948787063
"3,63",141,1,0,0,1,1,0.0006738544474393531,2030,,
"3,64",141,1,0,0,1,,0.0006738544474393531,1305,1,0.0013477088948787063
"3,65",142,1,0,0,1,1,0.0006738544474393531,2031,,
"3,66",142,1,0,0,1,,0.0006738544474393531,27365,1,0.0013477088948787063
"3,67",10,1,0,0,1,1,0.0006738544474393531,2035,,
"3,68",143,1,0,0,1,1,0.0006738544474393531,2043,,
"3,69",143,1,0,0,2,,0.0013477088948787063,20371,2,0.0026954177897574125
"3,7",119,1,0,0,1,1,0.0006738544474393531,1571,,
"3,70",144,1,0,0,1,1,0.0006738544474393531,2052,,
"3,71",144,1,0,0,2,,0.0013477088948787063,6439,2,0.0026954177897574125
"3,72",3,1,0,0,1,1,0.0006738544474393531,2070,,
"3,73",29,1,0,0,1,1,0.0006738544474393531,2074,,
"3,74",13,1,0,0,1,1,0.0006738544474393531,2085,,
"3,75",145,1,0,0,1,1,0.0006738544474393531,2101,,
"3,76",145,1,0,0,1,,0.0006738544474393531,2100,1,0.0013477088948787063
"3,77",146,1,0,0,1,1,0.0006738544474393531,2111,,
"3,78",146,1,0,0,2,,0.0013477088948787063,1748,2,0.0026954177897574125
"3,79",147,1,0,0,1,1,0.0006738544474393531,2192,,
"3,8",119,1,0,0,2,,0.0013477088948787063,1120,2,0.0026954177897574125
"3,80",147,1,0,0,2,,0.0013477088948787063,926,2,0.0026954177897574125
"3,81",148,1,0,0,1,1,0.0006738544474393531,2205,,
"3,82",148,1,0,0,1,,0.0006738544474393531,2338,1,0.0013477088948787063
"3,83",98,1,0,0,1,1,0.0006738544474393531,2216,,
"3,84",149,1,0,0,1,1,0.0006738544474393531,2304,,
"3,85",149,1,0,0,1,,0.0006738544474393531,28275,1,0.0013477088948787063
"3,86",4,1,0,0,2,2,0.0013477088948787063,2324,,
"3,87",150,1,0,0,1,1,0.0006738544474393531,2337,,
"3,88",150,1,0,0,1,,0.0006738544474393531,12204,1,0.0013477088948787063
"3,89",151,1,0,0,1,1,0.0006738544474393531,2345,,
"3,9",120,1,0,0,1,1,0.0006738544474393531,1576,,
"3,90",151,1,0,0,1,,0.0006738544474393531,33275,1,0.0013477088948787063
"3,91",152,1,0,0,1,1,0.0006738544474393531,2359,,
"3,92",152,1,0,0,1,,0.0006738544474393531,1627,1,0.0013477088948787063
"3,93",153,1,0,0,1,1,0.0006738544474393531,2366,,
"3,94",153,1,0,0,2,,0.0013477088948787063,13669,2,0.0026954177897574125
"3,95",4,1,0,0,2,2,0.0013477088948787063,2425,,
"3,96",4,1,0,0,1,,0.0006738544474393531,32680,1,0.0013477088948787063
"3,97",154,1,0,0,1,1,0.0006738544474393531,2431,,
"3,98",154,1,0,0,2,,0.0013477088948787063,2899,2,0.0026954177897574125
"3,99",155,1,0,0,1,1,0.0006738544474393531,2446,,
"4,1",168,1,0,0,2,,0.0013477088948787063,3420,2,0.0026954177897574125
"4,10",91,1,0,0,1,1,0.0006738544474393531,2993,,
"4,100",209,1,0,0,1,,0.0006738544474393531,32901,1,0.0013477088948787063
"4,101",210,1,0,0,1,1,0.0006738544474393531,3887,,
"4,102",210,1,0,0,1,,0.0006738544474393531,11527,1,0.0013477088948787063
"4,103",211,1,0,0,1,1,0.0006738544474393531,3891,,
"4,104",211,1,0,0,2,,0.0013477088948787063,99,2,0.0026954177897574125
"4,105",212,1,0,0,1,1,0.0006738544474393531,3899,,
"4,106",212,1,0,0,2,,0.0013477088948787063,1029,2,0.0026954177897574125
"4,107",213,1,0,0,1,1,0.0006738544474393531,3909,,
"4,108",213,1,0,0,1,,0.0006738544474393531,3643,1,0.0013477088948787063
"4,109",23,1,0,0,3,,0.0020215633423180594,27203,3,0.004043126684636119
"4,11",173,1,0,0,1,1,0.0006738544474393531,2996,,
"4,110",214,1,0,0,1,1,0.0006738544474393531,3916,,
"4,111",214,1,0,0,2,,0.0013477088948787063,16081,2,0.0026954177897574125
"4,112",81,1,0,0,1,1,0.0006738544474393531,3918,,
"4,113",215,1,0,0,1,1,0.0006738544474393531,3938,,
"4,114",215,1,0,0,1,,0.0006738544474393531,3937,1,0.0013477088948787063
"4,115",216,1,0,0,1,1,0.0006738544474393531,4028,,
"4,116",216,1,0,0,2,,0.0013477088948787063,11257,2,0.0026954177897574125
"4,117",156,1,0,0,1,1,0.0006738544474393531,4044,,
"4,118",217,1,0,0,1,1,0.0006738544474393531,4052,,
"4,119",217,1,0,0,2,,0.0013477088948787063,1373,2,0.0026954177897574125
"4,12",173,1,0,0,2,,0.0013477088948787063,1531,2,0.0026954177897574125
"4,120",218,1,0,0,1,1,0.0006738544474393531,4072,,
"4,121",218,1,0,0,1,,0.0006738544474393531,2051,1,0.0013477088948787063
"4,122",203,1,0,0,1,1,0.0006738544474393531,4089,,
"4,123",219,1,0,0,1,1,0.0006738544474393531,4155,,
"4,124",219,1,0,0,1,,0.0006738544474393531,4154,1,0.0013477088948787063
"4,125",177,1,0,0,1,1,0.0006738544474393531,4157,,
"4,126",220,1,0,0,1,1,0.0006738544474393531,4159,,
"4,127",220,1,0,0,1,,0.0006738544474393531,8199,1,0.0013477088948787063
"4,128",63,1,0,0,1,1,0.0006738544474393531,4188,,
"4,129",72,1,0,0,1,1,0.0006738544474393531,4200,,
"4,13",174,1,0,0,1,1,0.0006738544474393531,3009,,
"4,130",118,1,0,0,1,1,0.0006738544474393531,4291,,
"4,131",221,1,0,0,1,1,0.0006738544474393531,4311,,
"4,132",221,1,0,0,1,,0.0006738544474393531,2182,1,0.0013477088948787063
"4,133",222,1,0,0,1,1,0.0006738544474393531,4315,,
"4,134",222,1,0,0,1,,0.0006738544474393531,5644,1,0.0013477088948787063
"4,14",174,1,0,0,3,,0.0020215633423180594,1563,3,0.004043126684636119
"4,15",175,1,0,0,1,1,0.0006738544474393531,3015,,
"4,16",175,1,0,0,1,,0.0006738544474393531,3014,1,0.0013477088948787063
"4,17",176,1,0,0,1,1,0.0006738544474393531,3021,,
"4,18",176,1,0,0,1,,0.0006738544474393531,32315,1,0.0013477088948787063
"4,19",177,1,0,0,1,1,0.0006738544474393531,3023,,
"4,2",169,1,0,0,2,1,0.0013477088948787063,2950,1,0.0013477088948787063
"4,20",177,1,0,0,4,,0.0026954177897574125,3486,4,0.005390835579514825
"4,21",98,1,0,0,1,1,0.0006738544474393531,3085,,
"4,22",178,1,0,0,1,1,0.0006738544474393531,3097,,
"4,23",178,1,0,0,1,,0.0006738544474393531,32938,1,0.0013477088948787063
"4,24",132,1,0,0,1,1,0.0006738544474393531,3099,,
"4,25",179,1,0,0,1,1,0.0006738544474393531,3102,,
"4,26",179,1,0,0,3,,0.0020215633423180594,7119,3,0.004043126684636119
"4,27",122,1,0,0,1,1,0.0006738544474393531,3143,,
"4,28",180,1,0,0,1,1,0.0006738544474393531,3152,,
"4,29",180,1,0,0,1,,0.0006738544474393531,2693,1,0.0013477088948787063
"4,3",169,1,0,0,2,,0.0013477088948787063,9659,2,0.0026954177897574125
"4,30",181,1,0,0,1,1,0.0006738544474393531,3218,,
"4,31",181,1,0,0,1,,0.0006738544474393531,6203,1,0.0013477088948787063
"4,32",182,1,0,0,1,1,0.0006738544474393531,3221,,
"4,33",182,1,0,0,3,,0.0020215633423180594,14575,3,0.004043126684636119
"4,34",183,1,0,0,1,1,0.0006738544474393531,3231,,
"4,35",183,1,0,0,1,,0.0006738544474393531,31941,1,0.0013477088948787063
"4,36",9,1,0,0,1,1,0.0006738544474393531,3248,,
"4,37",100,1,0,0,1,,0.0006738544474393531,20240,1,0.0013477088948787063
"4,38",184,1,0,0,1,1,0.0006738544474393531,3257,,
"4,39",184,1,0,0,2,,0.0013477088948787063,6181,2,0.0026954177897574125
"4,4",170,1,0,0,1,1,0.0006738544474393531,2951,,
"4,40",185,1,0,0,1,1,0.0006738544474393531,3260,,
"4,41",185,1,0,0,1,,0.0006738544474393531,33633,1,0.0013477088948787063
"4,42",186,1,0,0,1,1,0.0006738544474393531,3268,,
"4,43",186,1,0,0,1,,0.0006738544474393531,12120,1,0.0013477088948787063
"4,44",187,1,0,0,1,1,0.0006738544474393531,3270,,
"4,45",187,1,0,0,1,,0.0006738544474393531,994,1,0.0013477088948787063
"4,46",188,1,0,0,1,1,0.0006738544474393531,3363,,
"4,47",188,1,0,0,1,,0.0006738544474393531,388,1,0.0013477088948787063
"4,48",189,1,0,0,1,1,0.0006738544474393531,3368,,
"4,49",189,1,0,0,1,,0.0006738544474393531,3367,1,0.0013477088948787063
"4,5",170,1,0,0,1,,0.0006738544474393531,8191,1,0.0013477088948787063
"4,50",190,1,0,0,1,1,0.0006738544474393531,3373,,
"4,51",190,1,0,0,2,,0.0013477088948787063,406,2,0.0026954177897574125
"4,52",191,1,0,0,1,1,0.0006738544474393531,3377,,
"4,53",191,1,0,0,2,,0.0013477088948787063,378,2,0.0026954177897574125
"4,54",192,1,0,0,1,1,0.0006738544474393531,3386,,
"4,55",192,1,0,0,1,,0.0006738544474393531,160,1,0.0013477088948787063
"4,56",193,1,0,0,1,1,0.0006738544474393531,3389,,
"4,57",193,1,0,0,1,,0.0006738544474393531,393,1,0.0013477088948787063
"4,58",194,1,0,0,1,1,0.0006738544474393531,3391,,
"4,59",194,1,0,0,1,,0.0006738544474393531,3422,1,0.0013477088948787063
"4,6",171,1,0,0,1,1,0.0006738544474393531,2954,,
"4,60",113,1,0,0,1,1,0.0006738544474393531,3397,,
"4,61",195,1,0,0,1,1,0.0006738544474393531,3411,,
"4,62",195,1,0,0,1,,0.0006738544474393531,19564,1,0.0013477088948787063
"4,63",10,1,0,0,1,1,0.0006738544474393531,3421,,
"4,64",196,1,0,0,1,1,0.0006738544474393531,3423,,
"4,65",196,1,0,0,1,,0.0006738544474393531,3390,1,0.0013477088948787063
"4,66",5,1,0,0,2,1,0.0013477088948787063,3487,1,0.0013477088948787063
"4,67",197,1,0,0,1,1,0.0006738544474393531,3488,,
"4,68",197,1,0,0,2,,0.0013477088948787063,12847,2,0.0026954177897574125
"4,69",198,1,0,0,1,1,0.0006738544474393531,3513,,
"4,7",171,1,0,0,3,1,0.0020215633423180594,29944,2,0.0026954177897574125
"4,70",198,1,0,0,1,,0.0006738544474393531,12981,1,0.0013477088948787063
"4,71",3,1,0,0,1,1,0.0006738544474393531,3515,,
"4,72",9,1,0,0,1,1,0.0006738544474393531,3517,,
"4,73",199,1,0,0,1,1,0.0006738544474393531,3523,,
"4,74",199,1,0,0,2,,0.0013477088948787063,22491,2,0.0026954177897574125
"4,75",200,1,0,0,1,1,0.0006738544474393531,3529,,
"4,76",200,1,0,0,1,,0.0006738544474393531,33466,1,0.0013477088948787063
"4,77",201,1,0,0,1,1,0.0006738544474393531,3542,,
"4,78",201,1,0,0,1,,0.0006738544474393531,30617,1,0.0013477088948787063
"4,79",202,1,0,0,1,1,0.0006738544474393531,3555,,
"4,8",172,1,0,0,1,1,0.0006738544474393531,2960,,
"4,80",202,1,0,0,1,,0.0006738544474393531,32966,1,0.0013477088948787063
"4,81",203,1,0,0,1,1,0.0006738544474393531,3557,,
"4,82",203,1,0,0,2,,0.0013477088948787063,2358,2,0.0026954177897574125
"4,83",204,1,0,0,1,1,0.0006738544474393531,3622,,
"4,84",204,1,0,0,1,,0.0006738544474393531,1352,1,0.0013477088948787063
"4,85",39,1,0,0,1,1,0.0006738544474393531,3646,,
"4,86",113,1,0,0,1,1,0.0006738544474393531,3647,,
"4,87",34,1,0,0,2,2,0.0013477088948787063,3754,,
"4,88",34,1,0,0,1,,0.0006738544474393531,4830,1,0.0013477088948787063
"4,89",158,1,0,0,1,1,0.0006738544474393531,3756,,
"4,9",172,1,0,0,1,,0.0006738544474393531,17291,1,0.0013477088948787063
"4,90",205,1,0,0,1,1,0.0006738544474393531,3762,,
"4,91",205,1,0,0,1,,0.0006738544474393531,3761,1,0.0013477088948787063
"4,92",24,1,0,0,1,,0.0006738544474393531,14313,1,0.0013477088948787063
"4,93",206,1,0,0,1,1,0.0006738544474393531,3767,,
"4,94",206,1,0,0,2,,0.0013477088948787063,3556,2,0.0026954177897574125
"4,95",207,1,0,0,1,1,0.0006738544474393531,3777,,
"4,96",207,1,0,0,1,,0.0006738544474393531,305,1,0.0013477088948787063
"4,97",208,1,0,0,1,1,0.0006738544474393531,3778,,
"4,98",208,1,0,0,1,,0.0006738544474393531,9122,1,0.0013477088948787063
"4,99",209,1,0,0,1,1,0.0006738544474393531,3784,,
"5,1",223,1,0,0,1,1,0.0006738544474393531,4327,,
"5,10",226,1,0,0,1,1,0.0006738544474393531,4558,,
"5,100",211,1,0,0,1,1,0.0006738544474393531,6973,,
"5,101",53,1,0,0,1,1,0.0006738544474393531,6980,,
"5,102",260,1,0,0,1,1,0.0006738544474393531,6986,,
"5,103",260,1,0,0,1,,0.0006738544474393531,12320,1,0.0013477088948787063
"5,104",261,1,0,0,1,1,0.0006738544474393531,7109,,
"5,105",261,1,0,0,2,,0.0013477088948787063,3516,2,0.0026954177897574125
"5,106",81,1,0,0,1,1,0.0006738544474393531,7112,,
"5,107",132,1,0,0,1,1,0.0006738544474393531,7120,,
"5,108",40,1,0,0,1,1,0.0006738544474393531,7206,,
"5,109",262,1,0,0,1,1,0.0006738544474393531,7270,,
"5,11",226,1,0,0,2,,0.0013477088948787063,3886,2,0.0026954177897574125
"5,110",262,1,0,0,1,,0.0006738544474393531,1414,1,0.0013477088948787063
"5,111",263,1,0,0,1,1,0.0006738544474393531,7373,,
"5,112",263,1,0,0,1,,0.0006738544474393531,10324,1,0.0013477088948787063
"5,113",108,1,0,0,1,1,0.0006738544474393531,7507,,
"5,114",264,1,0,0,1,1,0.0006738544474393531,7775,,
"5,115",264,1,0,0,1,,0.0006738544474393531,7774,1,0.0013477088948787063
"5,116",265,1,0,0,1,1,0.0006738544474393531,7780,,
"5,117",265,1,0,0,2,,0.0013477088948787063,23838,2,0.0026954177897574125
"5,118",73,1,0,0,1,,0.0006738544474393531,7505,1,0.0013477088948787063
"5,119",57,1,0,0,1,1,0.0006738544474393531,8005,,
"5,12",191,1,0,0,1,1,0.0006738544474393531,4570,,
"5,120",266,1,0,0,1,1,0.0006738544474393531,8043,,
"5,121",266,1,0,0,1,,0.0006738544474393531,8139,1,0.0013477088948787063
"5,122",267,1,0,0,1,1,0.0006738544474393531,8047,,
"5,123",267,1,0,0,2,,0.0013477088948787063,4424,2,0.0026954177897574125
"5,124",72,1,0,0,1,1,0.0006738544474393531,8140,,
"5,125",268,1,0,0,1,1,0.0006738544474393531,8177,,
"5,126",268,1,0,0,1,,0.0006738544474393531,9081,1,0.0013477088948787063
"5,127",153,1,0,0,1,1,0.0006738544474393531,8178,,
"5,128",105,1,0,0,1,1,0.0006738544474393531,8192,,
"5,129",78,1,0,0,1,1,0.0006738544474393531,8200,,
"5,13",81,1,0,0,3,1,0.0020215633423180594,4587,2,0.0026954177897574125
"5,130",269,1,0,0,1,1,0.0006738544474393531,8319,,
"5,131",269,1,0,0,3,,0.0020215633423180594,658,3,0.004043126684636119
"5,132",7,1,0,0,1,1,0.0006738544474393531,8320,,
"5,133",98,1,0,0,1,1,0.0006738544474393531,8445,,
"5,134",11,1,0,0,1,1,0.0006738544474393531,8447,,
"5,14",6,1,0,0,2,2,0.0013477088948787063,4588,,
"5,15",6,1,0,0,1,,0.0006738544474393531,18,1,0.0013477088948787063
"5,16",227,1,0,0,1,1,0.0006738544474393531,4700,,
"5,17",227,1,0,0,3,,0.0020215633423180594,33304,3,0.004043126684636119
"5,18",66,1,0,0,1,1,0.0006738544474393531,4732,,
"5,19",4,1,0,0,2,2,0.0013477088948787063,4831,,
"5,2",223,1,0,0,1,,0.0006738544474393531,4051,1,0.0013477088948787063
"5,20",85,1,0,0,1,1,0.0006738544474393531,4840,,
"5,21",228,1,0,0,1,1,0.0006738544474393531,4855,,
"5,22",228,1,0,0,2,,0.0013477088948787063,15418,2,0.0026954177897574125
"5,23",229,1,0,0,1,1,0.0006738544474393531,4968,,
"5,24",229,1,0,0,1,,0.0006738544474393531,2739,1,0.0013477088948787063
"5,25",230,1,0,0,1,1,0.0006738544474393531,4971,,
"5,26",230,1,0,0,1,,0.0006738544474393531,127,1,0.0013477088948787063
"5,27",231,1,0,0,1,1,0.0006738544474393531,4986,,
"5,28",231,1,0,0,1,,0.0006738544474393531,10057,1,0.0013477088948787063
"5,29",227,1,0,0,1,1,0.0006738544474393531,5111,,
"5,3",78,1,0,0,1,1,0.0006738544474393531,4353,,
"5,30",117,1,0,0,1,1,0.0006738544474393531,5144,,
"5,31",232,1,0,0,1,1,0.0006738544474393531,5196,,
"5,32",232,1,0,0,2,,0.0013477088948787063,6701,2,0.0026954177897574125
"5,33",233,1,0,0,1,1,0.0006738544474393531,5249,,
"5,34",233,1,0,0,1,,0.0006738544474393531,1496,1,0.0013477088948787063
"5,35",132,1,0,0,1,1,0.0006738544474393531,5257,,
"5,36",234,1,0,0,1,1,0.0006738544474393531,5384,,
"5,37",234,1,0,0,1,,0.0006738544474393531,110,1,0.0013477088948787063
"5,38",235,1,0,0,1,1,0.0006738544474393531,5390,,
"5,39",235,1,0,0,1,,0.0006738544474393531,1923,1,0.0013477088948787063
"5,4",5,1,0,0,2,1,0.0013477088948787063,4425,1,0.0013477088948787063
"5,40",236,1,0,0,1,1,0.0006738544474393531,5510,,
"5,41",236,1,0,0,2,,0.0013477088948787063,9049,2,0.0026954177897574125
"5,42",237,1,0,0,1,1,0.0006738544474393531,5511,,
"5,43",237,1,0,0,1,,0.0006738544474393531,602,1,0.0013477088948787063
"5,44",238,1,0,0,1,1,0.0006738544474393531,5631,,
"5,45",238,1,0,0,2,,0.0013477088948787063,8588,2,0.0026954177897574125
"5,46",239,1,0,0,1,1,0.0006738544474393531,5645,,
"5,47",239,1,0,0,1,,0.0006738544474393531,266,1,0.0013477088948787063
"5,48",240,1,0,0,1,1,0.0006738544474393531,5672,,
"5,49",240,1,0,0,1,,0.0006738544474393531,8003,1,0.0013477088948787063
"5,5",224,1,0,0,1,1,0.0006738544474393531,4426,,
"5,50",241,1,0,0,1,1,0.0006738544474393531,5763,,
"5,51",241,1,0,0,2,,0.0013477088948787063,4290,2,0.0026954177897574125
"5,52",242,1,0,0,1,1,0.0006738544474393531,5771,,
"5,53",242,1,0,0,1,,0.0006738544474393531,3518,1,0.0013477088948787063
"5,54",243,1,0,0,1,1,0.0006738544474393531,5778,,
"5,55",243,1,0,0,1,,0.0006738544474393531,32630,1,0.0013477088948787063
"5,56",84,1,0,0,1,1,0.0006738544474393531,5786,,
"5,57",81,1,0,0,2,2,0.0013477088948787063,5789,,
"5,58",81,1,0,0,1,,0.0006738544474393531,2856,1,0.0013477088948787063
"5,59",244,1,0,0,1,1,0.0006738544474393531,5793,,
"5,6",224,1,0,0,1,,0.0006738544474393531,12555,1,0.0013477088948787063
"5,60",244,1,0,0,1,,0.0006738544474393531,4045,1,0.0013477088948787063
"5,61",245,1,0,0,1,1,0.0006738544474393531,5804,,
"5,62",245,1,0,0,1,,0.0006738544474393531,20777,1,0.0013477088948787063
"5,63",173,1,0,0,1,1,0.0006738544474393531,5899,,
"5,64",137,1,0,0,1,1,0.0006738544474393531,5900,,
"5,65",246,1,0,0,1,1,0.0006738544474393531,5914,,
"5,66",246,1,0,0,1,,0.0006738544474393531,32834,1,0.0013477088948787063
"5,67",247,1,0,0,1,1,0.0006738544474393531,6035,,
"5,68",247,1,0,0,1,,0.0006738544474393531,6034,1,0.0013477088948787063
"5,69",248,1,0,0,1,1,0.0006738544474393531,6041,,
"5,7",225,1,0,0,1,1,0.0006738544474393531,4463,,
"5,70",248,1,0,0,1,,0.0006738544474393531,2034,1,0.0013477088948787063
"5,71",197,1,0,0,1,1,0.0006738544474393531,6070,,
"5,72",78,1,0,0,3,1,0.0020215633423180594,6168,2,0.0026954177897574125
"5,73",72,1,0,0,1,1,0.0006738544474393531,6169,,
"5,74",249,1,0,0,1,1,0.0006738544474393531,6182,,
"5,75",249,1,0,0,1,,0.0006738544474393531,1289,1,0.0013477088948787063
"5,76",250,1,0,0,1,1,0.0006738544474393531,6191,,
"5,77",250,1,0,0,2,1,0.0013477088948787063,28469,1,0.0013477088948787063
"5,78",251,1,0,0,1,1,0.0006738544474393531,6204,,
"5,79",251,1,0,0,1,,0.0006738544474393531,3217,1,0.0013477088948787063
"5,8",225,1,0,0,2,,0.0013477088948787063,29086,2,0.0026954177897574125
"5,80",252,1,0,0,1,1,0.0006738544474393531,6272,,
"5,81",252,1,0,0,1,,0.0006738544474393531,6569,1,0.0013477088948787063
"5,82",253,1,0,0,1,1,0.0006738544474393531,6313,,
"5,83",253,1,0,0,1,,0.0006738544474393531,3501,1,0.0013477088948787063
"5,84",254,1,0,0,1,1,0.0006738544474393531,6331,,
"5,85",254,1,0,0,1,,0.0006738544474393531,6447,1,0.0013477088948787063
"5,86",255,1,0,0,1,1,0.0006738544474393531,6334,,
"5,87",255,1,0,0,1,,0.0006738544474393531,4721,1,0.0013477088948787063
"5,88",256,1,0,0,1,1,0.0006738544474393531,6335,,
"5,89",256,1,0,0,1,,0.0006738544474393531,2978,1,0.0013477088948787063
"5,9",50,1,0,0,1,1,0.0006738544474393531,4468,,
"5,90",206,1,0,0,1,1,0.0006738544474393531,6433,,
"5,91",120,1,0,0,1,1,0.0006738544474393531,6448,,
"5,92",236,1,0,0,1,1,0.0006738544474393531,6570,,
"5,93",257,1,0,0,1,1,0.0006738544474393531,6836,,
"5,94",257,1,0,0,1,,0.0006738544474393531,6835,1,0.0013477088948787063
"5,95",258,1,0,0,1,1,0.0006738544474393531,6839,,
"5,96",258,1,0,0,1,,0.0006738544474393531,2731,1,0.0013477088948787063
"5,97",121,1,0,0,1,1,0.0006738544474393531,6841,,
"5,98",259,1,0,0,1,1,0.0006738544474393531,6864,,
"5,99",259,1,0,0,1,,0.0006738544474393531,11007,1,0.0013477088948787063
"6,1",9,1,0,0,1,1,0.0006738544474393531,8451,,
"6,10",199,1,0,0,1,1,0.0006738544474393531,8995,,
"6,100",297,1,0,0,1,,0.0006738544474393531,31367,1,0.0013477088948787063
"6,101",6,1,0,0,2,2,0.0013477088948787063,14180,,
"6,102",298,1,0,0,2,1,0.0013477088948787063,14206,1,0.0013477088948787063
"6,103",298,1,0,0,1,,0.0006738544474393531,32095,1,0.0013477088948787063
"6,104",298,1,0,0,1,1,0.0006738544474393531,14207,,
"6,105",162,1,0,0,1,1,0.0006738544474393531,14314,,
"6,106",299,1,0,0,1,1,0.0006738544474393531,14315,,
"6,107",299,1,0,0,1,,0.0006738544474393531,12606,1,0.0013477088948787063
"6,108",300,1,0,0,1,1,0.0006738544474393531,14342,,
"6,109",300,1,0,0,1,,0.0006738544474393531,24270,1,0.0013477088948787063
"6,11",165,1,0,0,1,1,0.0006738544474393531,9050,,
"6,110",164,1,0,0,1,1,0.0006738544474393531,14456,,
"6,111",168,1,0,0,1,1,0.0006738544474393531,14459,,
"6,112",301,1,0,0,1,1,0.0006738544474393531,14476,,
"6,113",301,1,0,0,1,,0.0006738544474393531,3764,1,0.0013477088948787063
"6,114",169,1,0,0,1,1,0.0006738544474393531,14576,,
"6,115",302,1,0,0,1,1,0.0006738544474393531,14593,,
"6,116",302,1,0,0,1,,0.0006738544474393531,365,1,0.0013477088948787063
"6,117",177,1,0,0,2,1,0.0013477088948787063,14748,1,0.0013477088948787063
"6,118",177,1,0,0,1,1,0.0006738544474393531,14749,,
"6,119",303,1,0,0,1,1,0.0006738544474393531,15014,,
"6,12",272,1,0,0,1,1,0.0006738544474393531,9082,,
"6,120",303,1,0,0,2,,0.0013477088948787063,33696,2,0.0026954177897574125
"6,121",304,1,0,0,1,1,0.0006738544474393531,15017,,
"6,122",304,1,0,0,1,,0.0006738544474393531,14113,1,0.0013477088948787063
"6,123",12,1,0,0,1,1,0.0006738544474393531,15419,,
"6,124",305,1,0,0,1,1,0.0006738544474393531,15422,,
"6,125",305,1,0,0,1,,0.0006738544474393531,5143,1,0.0013477088948787063
"6,126",306,1,0,0,1,1,0.0006738544474393531,15547,,
"6,127",306,1,0,0,1,,0.0006738544474393531,31951,1,0.0013477088948787063
"6,128",216,1,0,0,1,1,0.0006738544474393531,15549,,
"6,129",106,1,0,0,1,1,0.0006738544474393531,15817,,
"6,13",272,1,0,0,1,,0.0006738544474393531,8176,1,0.0013477088948787063
"6,130",44,1,0,0,1,1,0.0006738544474393531,15948,,
"6,131",9,1,0,0,1,1,0.0006738544474393531,16082,,
"6,132",307,1,0,0,1,1,0.0006738544474393531,16085,,
"6,133",307,1,0,0,1,,0.0006738544474393531,16084,1,0.0013477088948787063
"6,134",308,1,0,0,1,1,0.0006738544474393531,16215,,
"6,14",174,1,0,0,1,1,0.0006738544474393531,9125,,
"6,15",273,1,0,0,1,1,0.0006738544474393531,9249,,
"6,16",273,1,0,0,2,1,0.0013477088948787063,16350,1,0.0013477088948787063
"6,17",154,1,0,0,1,1,0.0006738544474393531,9321,,
"6,18",269,1,0,0,1,1,0.0006738544474393531,9352,,
"6,19",98,1,0,0,1,1,0.0006738544474393531,9383,,
"6,2",190,1,0,0,1,1,0.0006738544474393531,8453,,
"6,20",184,1,0,0,1,1,0.0006738544474393531,9515,,
"6,21",274,1,0,0,1,1,0.0006738544474393531,9539,,
"6,22",274,1,0,0,1,,0.0006738544474393531,9538,1,0.0013477088948787063
"6,23",182,1,0,0,1,1,0.0006738544474393531,9660,,
"6,24",275,1,0,0,1,1,0.0006738544474393531,9787,,
"6,25",275,1,0,0,1,,0.0006738544474393531,33509,1,0.0013477088948787063
"6,26",276,1,0,0,1,1,0.0006738544474393531,9928,,
"6,27",276,1,0,0,1,,0.0006738544474393531,8452,1,0.0013477088948787063
"6,28",269,1,0,0,1,1,0.0006738544474393531,10023,,
"6,29",27,1,0,0,1,1,0.0006738544474393531,10053,,
"6,3",3,1,0,0,1,1,0.0006738544474393531,8577,,
"6,30",277,1,0,0,1,1,0.0006738544474393531,10054,,
"6,31",277,1,0,0,1,,0.0006738544474393531,2110,1,0.0013477088948787063
"6,32",278,1,0,0,1,1,0.0006738544474393531,10325,,
"6,33",278,1,0,0,1,,0.0006738544474393531,1069,1,0.0013477088948787063
"6,34",6,1,0,0,2,2,0.0013477088948787063,10335,,
"6,35",6,1,0,0,2,,0.0013477088948787063,5788,2,0.0026954177897574125
"6,36",177,1,0,0,1,1,0.0006738544474393531,10464,,
"6,37",273,1,0,0,1,1,0.0006738544474393531,10722,,
"6,38",273,1,0,0,2,,0.0013477088948787063,747,2,0.0026954177897574125
"6,39",279,1,0,0,1,1,0.0006738544474393531,10860,,
"6,4",270,1,0,0,1,1,0.0006738544474393531,8589,,
"6,40",279,1,0,0,1,,0.0006738544474393531,5671,1,0.0013477088948787063
"6,41",11,1,0,0,1,1,0.0006738544474393531,10864,,
"6,42",78,1,0,0,1,1,0.0006738544474393531,10994,,
"6,43",139,1,0,0,1,1,0.0006738544474393531,11008,,
"6,44",280,1,0,0,1,1,0.0006738544474393531,11123,,
"6,45",280,1,0,0,1,,0.0006738544474393531,1659,1,0.0013477088948787063
"6,46",281,1,0,0,1,1,0.0006738544474393531,11133,,
"6,47",281,1,0,0,1,,0.0006738544474393531,4557,1,0.0013477088948787063
"6,48",5,1,0,0,1,1,0.0006738544474393531,11258,,
"6,49",212,1,0,0,1,1,0.0006738544474393531,11266,,
"6,5",270,1,0,0,1,,0.0006738544474393531,946,1,0.0013477088948787063
"6,50",62,1,0,0,1,1,0.0006738544474393531,11398,,
"6,51",147,1,0,0,1,1,0.0006738544474393531,11531,,
"6,52",232,1,0,0,1,1,0.0006738544474393531,11543,,
"6,53",282,1,0,0,1,1,0.0006738544474393531,11666,,
"6,54",282,1,0,0,1,,0.0006738544474393531,11665,1,0.0013477088948787063
"6,55",267,1,0,0,1,1,0.0006738544474393531,11810,,
"6,56",283,1,0,0,1,1,0.0006738544474393531,11939,,
"6,57",283,1,0,0,1,,0.0006738544474393531,791,1,0.0013477088948787063
"6,58",284,1,0,0,1,1,0.0006738544474393531,12008,,
"6,59",284,1,0,0,1,,0.0006738544474393531,410,1,0.0013477088948787063
"6,6",265,1,0,0,1,1,0.0006738544474393531,8714,,
"6,60",217,1,0,0,1,1,0.0006738544474393531,12121,,
"6,61",285,1,0,0,1,1,0.0006738544474393531,12184,,
"6,62",285,1,0,0,1,,0.0006738544474393531,3372,1,0.0013477088948787063
"6,63",286,1,0,0,1,1,0.0006738544474393531,12205,,
"6,64",286,1,0,0,1,,0.0006738544474393531,23050,1,0.0013477088948787063
"6,65",7,1,0,0,2,2,0.0013477088948787063,12311,,
"6,66",7,1,0,0,1,,0.0006738544474393531,14179,1,0.0013477088948787063
"6,67",287,1,0,0,1,1,0.0006738544474393531,12321,,
"6,68",287,1,0,0,1,,0.0006738544474393531,30286,1,0.0013477088948787063
"6,69",238,1,0,0,1,1,0.0006738544474393531,12332,,
"6,7",226,1,0,0,1,1,0.0006738544474393531,8846,,
"6,70",2,1,0,0,2,1,0.0013477088948787063,12464,1,0.0013477088948787063
"6,71",182,1,0,0,1,1,0.0006738544474393531,12466,,
"6,72",6,1,0,0,2,2,0.0013477088948787063,12474,,
"6,73",6,1,0,0,1,,0.0006738544474393531,1822,1,0.0013477088948787063
"6,74",288,1,0,0,1,1,0.0006738544474393531,12583,,
"6,75",288,1,0,0,1,,0.0006738544474393531,15339,1,0.0013477088948787063
"6,76",289,1,0,0,1,1,0.0006738544474393531,12587,,
"6,77",289,1,0,0,1,,0.0006738544474393531,5660,1,0.0013477088948787063
"6,78",290,1,0,0,1,1,0.0006738544474393531,12602,,
"6,79",290,1,0,0,2,,0.0013477088948787063,21043,2,0.0026954177897574125
"6,8",271,1,0,0,1,1,0.0006738544474393531,8857,,
"6,80",69,1,0,0,1,1,0.0006738544474393531,12737,,
"6,81",169,1,0,0,1,1,0.0006738544474393531,12739,,
"6,82",291,1,0,0,1,1,0.0006738544474393531,12848,,
"6,83",291,1,0,0,1,,0.0006738544474393531,6069,1,0.0013477088948787063
"6,84",136,1,0,0,1,1,0.0006738544474393531,12858,,
"6,85",3,1,0,0,1,1,0.0006738544474393531,12982,,
"6,86",146,1,0,0,1,1,0.0006738544474393531,12992,,
"6,87",292,1,0,0,1,1,0.0006738544474393531,13012,,
"6,88",292,1,0,0,1,,0.0006738544474393531,20103,1,0.0013477088948787063
"6,89",32,1,0,0,2,2,0.0013477088948787063,13127,,
"6,9",271,1,0,0,1,,0.0006738544474393531,8856,1,0.0013477088948787063
"6,90",293,1,0,0,1,1,0.0006738544474393531,13136,,
"6,91",293,1,0,0,1,,0.0006738544474393531,13135,1,0.0013477088948787063
"6,92",294,1,0,0,1,1,0.0006738544474393531,13526,,
"6,93",294,1,0,0,1,,0.0006738544474393531,25329,1,0.0013477088948787063
"6,94",13,1,0,0,1,1,0.0006738544474393531,13542,,
"6,95",295,1,0,0,1,1,0.0006738544474393531,13543,,
"6,96",295,1,0,0,1,,0.0006738544474393531,5652,1,0.0013477088948787063
"6,97",296,1,0,0,1,1,0.0006738544474393531,13670,,
"6,98",296,1,0,0,1,,0.0006738544474393531,2365,1,0.0013477088948787063
"6,99",297,1,0,0,1,1,0.0006738544474393531,14114,,
"7,1",308,1,0,0,1,,0.0006738544474393531,16214,1,0.0013477088948787063
"7,10",7,1,0,0,1,1,0.0006738544474393531,17021,,
"7,100",343,1,0,0,1,,0.0006738544474393531,32087,1,0.0013477088948787063
"7,101",344,1,0,0,1,1,0.0006738544474393531,26679,,
"7,102",344,1,0,0,4,,0.0026954177897574125,2336,4,0.005390835579514825
"7,103",345,1,0,0,1,1,0.0006738544474393531,26683,,
"7,104",345,1,0,0,3,,0.0020215633423180594,33089,3,0.004043126684636119
"7,105",346,1,0,0,1,1,0.0006738544474393531,26697,,
"7,106",346,1,0,0,1,,0.0006738544474393531,27776,1,0.0013477088948787063
"7,107",347,1,0,0,1,1,0.0006738544474393531,26700,,
"7,108",347,1,0,0,1,,0.0006738544474393531,30481,1,0.0013477088948787063
"7,109",348,1,0,0,1,1,0.0006738544474393531,26711,,
"7,11",312,1,0,0,1,1,0.0006738544474393531,17158,,
"7,110",348,1,0,0,1,,0.0006738544474393531,32062,1,0.0013477088948787063
"7,111",349,1,0,0,1,1,0.0006738544474393531,26811,,
"7,112",349,1,0,0,1,,0.0006738544474393531,33621,1,0.0013477088948787063
"7,113",350,1,0,0,1,1,0.0006738544474393531,26824,,
"7,114",350,1,0,0,1,,0.0006738544474393531,20369,1,0.0013477088948787063
"7,115",351,1,0,0,1,1,0.0006738544474393531,26827,,
"7,116",351,1,0,0,1,,0.0006738544474393531,29895,1,0.0013477088948787063
"7,117",13,1,0,0,1,1,0.0006738544474393531,26936,,
"7,118",321,1,0,0,1,1,0.0006738544474393531,26962,,
"7,119",214,1,0,0,1,1,0.0006738544474393531,27078,,
"7,12",312,1,0,0,1,,0.0006738544474393531,746,1,0.0013477088948787063
"7,120",352,1,0,0,1,1,0.0006738544474393531,27089,,
"7,121",352,1,0,0,1,,0.0006738544474393531,31525,1,0.0013477088948787063
"7,122",322,1,0,0,1,1,0.0006738544474393531,27094,,
"7,123",353,1,0,0,1,1,0.0006738544474393531,27204,,
"7,124",353,1,0,0,2,,0.0013477088948787063,34712,2,0.0026954177897574125
"7,125",29,1,0,0,1,1,0.0006738544474393531,27213,,
"7,126",333,1,0,0,1,1,0.0006738544474393531,27224,,
"7,127",354,1,0,0,1,1,0.0006738544474393531,27235,,
"7,128",354,1,0,0,1,,0.0006738544474393531,1125,1,0.0013477088948787063
"7,129",355,1,0,0,1,1,0.0006738544474393531,27386,,
"7,13",3,1,0,0,1,1,0.0006738544474393531,17221,,
"7,130",355,1,0,0,2,,0.0013477088948787063,33710,2,0.0026954177897574125
"7,131",356,1,0,0,1,1,0.0006738544474393531,27614,,
"7,132",356,1,0,0,1,,0.0006738544474393531,4854,1,0.0013477088948787063
"7,133",357,1,0,0,1,1,0.0006738544474393531,27617,,
"7,134",357,1,0,0,2,,0.0013477088948787063,33294,2,0.0026954177897574125
"7,14",137,1,0,0,1,1,0.0006738544474393531,17292,,
"7,15",313,1,0,0,1,1,0.0006738544474393531,17692,,
"7,16",313,1,0,0,1,,0.0006738544474393531,28696,1,0.0013477088948787063
"7,17",143,1,0,0,1,1,0.0006738544474393531,17958,,
"7,18",314,1,0,0,1,1,0.0006738544474393531,18097,,
"7,19",314,1,0,0,1,,0.0006738544474393531,29355,1,0.0013477088948787063
"7,2",309,1,0,0,1,1,0.0006738544474393531,16218,,
"7,20",30,1,0,0,1,1,0.0006738544474393531,18225,,
"7,21",315,1,0,0,1,1,0.0006738544474393531,18896,,
"7,22",315,1,0,0,1,,0.0006738544474393531,18364,1,0.0013477088948787063
"7,23",36,1,0,0,2,1,0.0013477088948787063,19565,1,0.0013477088948787063
"7,24",36,1,0,0,1,1,0.0006738544474393531,19566,,
"7,25",316,1,0,0,1,1,0.0006738544474393531,19567,,
"7,26",316,1,0,0,1,,0.0006738544474393531,3098,1,0.0013477088948787063
"7,27",81,1,0,0,1,1,0.0006738544474393531,19703,,
"7,28",317,1,0,0,1,1,0.0006738544474393531,19973,,
"7,29",317,1,0,0,1,,0.0006738544474393531,30151,1,0.0013477088948787063
"7,3",309,1,0,0,1,,0.0006738544474393531,13011,1,0.0013477088948787063
"7,30",59,1,0,0,1,1,0.0006738544474393531,20104,,
"7,31",318,1,0,0,1,1,0.0006738544474393531,20191,,
"7,32",318,1,0,0,3,,0.0020215633423180594,32712,3,0.004043126684636119
"7,33",16,1,0,0,1,1,0.0006738544474393531,20237,,
"7,34",319,1,0,0,1,1,0.0006738544474393531,20370,,
"7,35",319,1,0,0,1,,0.0006738544474393531,11667,1,0.0013477088948787063
"7,36",13,1,0,0,1,1,0.0006738544474393531,20372,,
"7,37",320,1,0,0,1,1,0.0006738544474393531,20373,,
"7,38",320,1,0,0,1,,0.0006738544474393531,3890,1,0.0013477088948787063
"7,39",321,1,0,0,1,1,0.0006738544474393531,20507,,
"7,4",310,1,0,0,1,1,0.0006738544474393531,16351,,
"7,40",321,1,0,0,2,,0.0013477088948787063,31228,2,0.0026954177897574125
"7,41",322,1,0,0,2,1,0.0013477088948787063,20511,1,0.0013477088948787063
"7,42",322,1,0,0,5,,0.0033692722371967657,29110,5,0.006738544474393531
"7,43",19,1,0,0,1,1,0.0006738544474393531,20773,,
"7,44",323,1,0,0,1,1,0.0006738544474393531,20778,,
"7,45",323,1,0,0,1,,0.0006738544474393531,14592,1,0.0013477088948787063
"7,46",324,1,0,0,1,1,0.0006738544474393531,20914,,
"7,47",324,1,0,0,1,,0.0006738544474393531,7649,1,0.0013477088948787063
"7,48",93,1,0,0,2,2,0.0013477088948787063,21044,,
"7,49",93,1,0,0,1,,0.0006738544474393531,23200,1,0.0013477088948787063
"7,5",310,1,0,0,1,,0.0006738544474393531,9248,1,0.0013477088948787063
"7,50",21,1,0,0,2,2,0.0013477088948787063,21176,,
"7,51",21,1,0,0,2,,0.0013477088948787063,3522,2,0.0026954177897574125
"7,52",23,1,0,0,1,1,0.0006738544474393531,21285,,
"7,53",325,1,0,0,1,1,0.0006738544474393531,21441,,
"7,54",325,1,0,0,1,,0.0006738544474393531,21440,1,0.0013477088948787063
"7,55",326,1,0,0,1,1,0.0006738544474393531,21450,,
"7,56",326,1,0,0,1,,0.0006738544474393531,3280,1,0.0013477088948787063
"7,57",327,1,0,0,1,1,0.0006738544474393531,22245,,
"7,58",327,1,0,0,1,,0.0006738544474393531,22244,1,0.0013477088948787063
"7,59",21,1,0,0,1,1,0.0006738544474393531,22492,,
"7,6",39,1,0,0,1,1,0.0006738544474393531,16483,,
"7,60",328,1,0,0,1,1,0.0006738544474393531,23049,,
"7,61",328,1,0,0,1,,0.0006738544474393531,372,1,0.0013477088948787063
"7,62",329,1,0,0,1,1,0.0006738544474393531,23051,,
"7,63",329,1,0,0,2,,0.0013477088948787063,4970,2,0.0026954177897574125
"7,64",225,1,0,0,1,1,0.0006738544474393531,23056,,
"7,65",290,1,0,0,1,1,0.0006738544474393531,23201,,
"7,66",330,1,0,0,1,1,0.0006738544474393531,23587,,
"7,67",330,1,0,0,1,,0.0006738544474393531,15546,1,0.0013477088948787063
"7,68",331,1,0,0,1,1,0.0006738544474393531,23590,,
"7,69",331,1,0,0,1,,0.0006738544474393531,1745,1,0.0013477088948787063
"7,7",303,1,0,0,1,1,0.0006738544474393531,16758,,
"7,70",137,1,0,0,1,1,0.0006738544474393531,23860,,
"7,71",8,1,0,0,1,1,0.0006738544474393531,24271,,
"7,72",332,1,0,0,1,1,0.0006738544474393531,24526,,
"7,73",332,1,0,0,1,,0.0006738544474393531,6040,1,0.0013477088948787063
"7,74",333,1,0,0,1,1,0.0006738544474393531,24689,,
"7,75",333,1,0,0,2,,0.0013477088948787063,28979,2,0.0026954177897574125
"7,76",9,1,0,0,1,1,0.0006738544474393531,24930,,
"7,77",334,1,0,0,1,1,0.0006738544474393531,25330,,
"7,78",334,1,0,0,2,,0.0013477088948787063,13525,2,0.0026954177897574125
"7,79",52,1,0,0,1,1,0.0006738544474393531,25608,,
"7,8",311,1,0,0,1,1,0.0006738544474393531,16890,,
"7,80",335,1,0,0,1,1,0.0006738544474393531,25632,,
"7,81",335,1,0,0,2,,0.0013477088948787063,33560,2,0.0026954177897574125
"7,82",336,1,0,0,1,1,0.0006738544474393531,25731,,
"7,83",336,1,0,0,1,,0.0006738544474393531,47,1,0.0013477088948787063
"7,84",7,1,0,0,1,1,0.0006738544474393531,25766,,
"7,85",337,1,0,0,1,1,0.0006738544474393531,25888,,
"7,86",337,1,0,0,1,,0.0006738544474393531,29384,1,0.0013477088948787063
"7,87",132,1,0,0,1,1,0.0006738544474393531,25891,,
"7,88",338,1,0,0,1,1,0.0006738544474393531,25900,,
"7,89",338,1,0,0,1,,0.0006738544474393531,28334,1,0.0013477088948787063
"7,9",311,1,0,0,1,,0.0006738544474393531,16889,1,0.0013477088948787063
"7,90",97,1,0,0,1,1,0.0006738544474393531,26131,,
"7,91",339,1,0,0,1,1,0.0006738544474393531,26158,,
"7,92",339,1,0,0,1,,0.0006738544474393531,34503,1,0.0013477088948787063
"7,93",340,1,0,0,1,1,0.0006738544474393531,26285,,
"7,94",340,1,0,0,1,,0.0006738544474393531,33610,1,0.0013477088948787063
"7,95",341,1,0,0,1,1,0.0006738544474393531,26403,,
"7,96",341,1,0,0,2,,0.0013477088948787063,26682,2,0.0026954177897574125
"7,97",342,1,0,0,1,1,0.0006738544474393531,26433,,
"7,98",342,1,0,0,2,,0.0013477088948787063,33916,2,0.0026954177897574125
"7,99",343,1,0,0,1,1,0.0006738544474393531,26671,,
"8,1",358,1,0,0,1,1,0.0006738544474393531,27773,,
"8,10",362,1,0,0,1,1,0.0006738544474393531,27907,,
"8,100",392,1,0,0,1,1,0.0006738544474393531,31363,,
"8,101",392,1,0,0,1,,0.0006738544474393531,26826,1,0.0013477088948787063
"8,102",101,1,0,0,1,1,0.0006738544474393531,31368,,
"8,103",393,1,0,0,1,1,0.0006738544474393531,31370,,
"8,104",393,1,0,0,2,,0.0013477088948787063,28511,2,0.0026954177897574125
"8,105",322,1,0,0,2,2,0.0013477088948787063,31387,,
"8,106",322,1,0,0,1,,0.0006738544474393531,32302,1,0.0013477088948787063
"8,107",394,1,0,0,1,1,0.0006738544474393531,31413,,
"8,108",394,1,0,0,1,,0.0006738544474393531,34199,1,0.0013477088948787063
"8,109",395,1,0,0,1,1,0.0006738544474393531,31526,,
"8,11",362,1,0,0,1,,0.0006738544474393531,13541,1,0.0013477088948787063
"8,110",395,1,0,0,1,,0.0006738544474393531,34570,1,0.0013477088948787063
"8,111",90,1,0,0,1,1,0.0006738544474393531,31632,,
"8,112",396,1,0,0,1,1,0.0006738544474393531,31803,,
"8,113",396,1,0,0,1,,0.0006738544474393531,30564,1,0.0013477088948787063
"8,114",397,1,0,0,2,2,0.0013477088948787063,31907,,
"8,115",397,1,0,0,2,,0.0013477088948787063,12601,2,0.0026954177897574125
"8,116",397,1,0,0,1,,0.0006738544474393531,27470,1,0.0013477088948787063
"8,117",370,1,0,0,1,1,0.0006738544474393531,31942,,
"8,118",398,1,0,0,1,1,0.0006738544474393531,31946,,
"8,119",398,1,0,0,1,,0.0006738544474393531,33602,1,0.0013477088948787063
"8,12",16,1,0,0,1,1,0.0006738544474393531,27969,,
"8,120",322,1,0,0,1,1,0.0006738544474393531,31968,,
"8,121",399,1,0,0,1,1,0.0006738544474393531,31969,,
"8,122",399,1,0,0,1,,0.0006738544474393531,7108,1,0.0013477088948787063
"8,123",400,1,0,0,1,1,0.0006738544474393531,31987,,
"8,124",400,1,0,0,1,,0.0006738544474393531,27613,1,0.0013477088948787063
"8,125",401,1,0,0,1,1,0.0006738544474393531,32032,,
"8,126",401,1,0,0,1,,0.0006738544474393531,33237,1,0.0013477088948787063
"8,127",402,1,0,0,1,1,0.0006738544474393531,32037,,
"8,128",402,1,0,0,1,,0.0006738544474393531,6983,1,0.0013477088948787063
"8,129",403,1,0,0,1,1,0.0006738544474393531,32063,,
"8,13",101,1,0,0,1,,0.0006738544474393531,29238,1,0.0013477088948787063
"8,130",403,1,0,0,1,,0.0006738544474393531,25607,1,0.0013477088948787063
"8,131",404,1,0,0,1,1,0.0006738544474393531,32096,,
"8,132",404,1,0,0,1,,0.0006738544474393531,28283,1,0.0013477088948787063
"8,133",19,1,0,0,1,1,0.0006738544474393531,32121,,
"8,134",405,1,0,0,1,1,0.0006738544474393531,32170,,
"8,14",344,1,0,0,1,1,0.0006738544474393531,28019,,
"8,15",345,1,0,0,1,1,0.0006738544474393531,28033,,
"8,16",363,1,0,0,1,1,0.0006738544474393531,28043,,
"8,17",363,1,0,0,1,,0.0006738544474393531,34355,1,0.0013477088948787063
"8,18",78,1,0,0,1,1,0.0006738544474393531,28276,,
"8,19",364,1,0,0,1,1,0.0006738544474393531,28291,,
"8,2",358,1,0,0,1,,0.0006738544474393531,28593,1,0.0013477088948787063
"8,20",364,1,0,0,1,,0.0006738544474393531,1766,1,0.0013477088948787063
"8,21",365,1,0,0,1,1,0.0006738544474393531,28308,,
"8,22",365,1,0,0,1,,0.0006738544474393531,24548,1,0.0013477088948787063
"8,23",228,1,0,0,1,1,0.0006738544474393531,28335,,
"8,24",344,1,0,0,1,1,0.0006738544474393531,28404,,
"8,25",366,1,0,0,1,1,0.0006738544474393531,28441,,
"8,26",366,1,0,0,1,,0.0006738544474393531,23586,1,0.0013477088948787063
"8,27",367,1,0,0,1,1,0.0006738544474393531,28447,,
"8,28",367,1,0,0,1,,0.0006738544474393531,28727,1,0.0013477088948787063
"8,29",250,1,0,0,2,,0.0013477088948787063,33528,2,0.0026954177897574125
"8,3",99,1,0,0,1,1,0.0006738544474393531,27777,,
"8,30",368,1,0,0,1,1,0.0006738544474393531,28512,,
"8,31",368,1,0,0,3,1,0.0020215633423180594,32355,2,0.0026954177897574125
"8,32",241,1,0,0,1,1,0.0006738544474393531,28543,,
"8,33",368,1,0,0,1,1,0.0006738544474393531,28559,,
"8,34",369,1,0,0,1,1,0.0006738544474393531,28582,,
"8,35",369,1,0,0,1,,0.0006738544474393531,33714,1,0.0013477088948787063
"8,36",357,1,0,0,1,1,0.0006738544474393531,28584,,
"8,37",370,1,0,0,1,1,0.0006738544474393531,28697,,
"8,38",370,1,0,0,3,,0.0020215633423180594,3230,3,0.004043126684636119
"8,39",371,1,0,0,1,1,0.0006738544474393531,28826,,
"8,4",359,1,0,0,1,1,0.0006738544474393531,27778,,
"8,40",371,1,0,0,1,,0.0006738544474393531,1114,1,0.0013477088948787063
"8,41",372,1,0,0,1,1,0.0006738544474393531,28835,,
"8,42",372,1,0,0,1,,0.0006738544474393531,29010,1,0.0013477088948787063
"8,43",334,1,0,0,1,1,0.0006738544474393531,28840,,
"8,44",373,1,0,0,1,1,0.0006738544474393531,28852,,
"8,45",373,1,0,0,1,,0.0006738544474393531,33679,1,0.0013477088948787063
"8,46",374,1,0,0,1,1,0.0006738544474393531,28930,,
"8,47",374,1,0,0,1,,0.0006738544474393531,26037,1,0.0013477088948787063
"8,48",318,1,0,0,1,1,0.0006738544474393531,29011,,
"8,49",375,1,0,0,1,1,0.0006738544474393531,29087,,
"8,5",359,1,0,0,2,,0.0013477088948787063,6058,2,0.0026954177897574125
"8,50",375,1,0,0,2,,0.0013477088948787063,27775,2,0.0026954177897574125
"8,51",12,1,0,0,1,1,0.0006738544474393531,29111,,
"8,52",376,1,0,0,1,1,0.0006738544474393531,29213,,
"8,53",376,1,0,0,1,,0.0006738544474393531,9514,1,0.0013477088948787063
"8,54",377,1,0,0,1,1,0.0006738544474393531,29273,,
"8,55",377,1,0,0,1,,0.0006738544474393531,34319,1,0.0013477088948787063
"8,56",9,1,0,0,1,1,0.0006738544474393531,29356,,
"8,57",23,1,0,0,1,1,0.0006738544474393531,29365,,
"8,58",378,1,0,0,1,1,0.0006738544474393531,29398,,
"8,59",378,1,0,0,2,,0.0013477088948787063,31386,2,0.0026954177897574125
"8,6",360,1,0,0,1,1,0.0006738544474393531,27873,,
"8,60",322,1,0,0,1,1,0.0006738544474393531,29508,,
"8,61",379,1,0,0,2,1,0.0013477088948787063,29525,1,0.0013477088948787063
"8,62",322,1,0,0,1,1,0.0006738544474393531,29526,,
"8,63",9,1,0,0,1,1,0.0006738544474393531,29793,,
"8,64",380,1,0,0,1,1,0.0006738544474393531,29883,,
"8,65",380,1,0,0,1,,0.0006738544474393531,4872,1,0.0013477088948787063
"8,66",381,1,0,0,1,1,0.0006738544474393531,29896,,
"8,67",381,1,0,0,2,,0.0013477088948787063,20190,2,0.0026954177897574125
"8,68",171,1,0,0,1,,0.0006738544474393531,21284,1,0.0013477088948787063
"8,69",382,1,0,0,1,1,0.0006738544474393531,29945,,
"8,7",360,1,0,0,1,,0.0006738544474393531,577,1,0.0013477088948787063
"8,70",382,1,0,0,1,,0.0006738544474393531,28839,1,0.0013477088948787063
"8,71",383,1,0,0,1,1,0.0006738544474393531,30152,,
"8,72",383,1,0,0,1,,0.0006738544474393531,2572,1,0.0013477088948787063
"8,73",384,1,0,0,1,1,0.0006738544474393531,30285,,
"8,74",384,1,0,0,1,,0.0006738544474393531,33204,1,0.0013477088948787063
"8,75",335,1,0,0,1,1,0.0006738544474393531,30296,,
"8,76",385,1,0,0,1,1,0.0006738544474393531,30322,,
"8,77",385,1,0,0,1,,0.0006738544474393531,32727,1,0.0013477088948787063
"8,78",386,1,0,0,1,1,0.0006738544474393531,30475,,
"8,79",386,1,0,0,1,,0.0006738544474393531,5110,1,0.0013477088948787063
"8,8",361,1,0,0,1,1,0.0006738544474393531,27886,,
"8,80",370,1,0,0,1,1,0.0006738544474393531,30565,,
"8,81",387,1,0,0,1,1,0.0006738544474393531,30586,,
"8,82",387,1,0,0,1,,0.0006738544474393531,6853,1,0.0013477088948787063
"8,83",8,1,0,0,1,1,0.0006738544474393531,30593,,
"8,84",8,1,0,0,2,1,0.0013477088948787063,33510,1,0.0013477088948787063
"8,85",388,1,0,0,1,1,0.0006738544474393531,30618,,
"8,86",388,1,0,0,1,,0.0006738544474393531,3269,1,0.0013477088948787063
"8,87",227,1,0,0,1,1,0.0006738544474393531,30849,,
"8,88",389,1,0,0,1,1,0.0006738544474393531,30969,,
"8,89",389,1,0,0,1,,0.0006738544474393531,657,1,0.0013477088948787063
"8,9",361,1,0,0,1,,0.0006738544474393531,29368,1,0.0013477088948787063
"8,90",342,1,0,0,1,1,0.0006738544474393531,30984,,
"8,91",99,1,0,0,1,1,0.0006738544474393531,31016,,
"8,92",390,1,0,0,1,1,0.0006738544474393531,31080,,
"8,93",390,1,0,0,1,,0.0006738544474393531,27616,1,0.0013477088948787063
"8,94",318,1,0,0,1,1,0.0006738544474393531,31122,,
"8,95",179,1,0,0,1,1,0.0006738544474393531,31132,,
"8,96",341,1,0,0,1,1,0.0006738544474393531,31139,,
"8,97",391,1,0,0,1,1,0.0006738544474393531,31229,,
"8,98",391,1,0,0,1,,0.0006738544474393531,18895,1,0.0013477088948787063
"8,99",355,1,0,0,1,1,0.0006738544474393531,31359,,
"9,1",405,1,0,0,1,,0.0006738544474393531,27968,1,0.0013477088948787063
"9,10",409,1,0,0,1,1,0.0006738544474393531,32333,,
"9,100",440,1,0,0,1,,0.0006738544474393531,3384,1,0.0013477088948787063
"9,101",410,1,0,0,1,1,0.0006738544474393531,34476,,
"9,102",415,1,0,0,1,1,0.0006738544474393531,34571,,
"9,103",441,1,0,0,1,1,0.0006738544474393531,34657,,
"9,104",441,1,0,0,1,,0.0006738544474393531,28018,1,0.0013477088948787063
"9,105",393,1,0,0,1,1,0.0006738544474393531,34713,,
"9,106",442,1,0,0,1,1,0.0006738544474393531,34732,,
"9,107",442,1,0,0,1,,0.0006738544474393531,33047,1,0.0013477088948787063
"9,11",409,1,0,0,1,,0.0006738544474393531,2073,1,0.0013477088948787063
"9,12",368,1,0,0,1,,0.0006738544474393531,4596,1,0.0013477088948787063
"9,13",410,1,0,0,1,1,0.0006738544474393531,32356,,
"9,14",410,1,0,0,2,,0.0013477088948787063,30589,2,0.0026954177897574125
"9,15",16,1,0,0,2,1,0.0013477088948787063,32358,1,0.0013477088948787063
"9,16",411,1,0,0,1,1,0.0006738544474393531,32444,,
"9,17",411,1,0,0,1,,0.0006738544474393531,706,1,0.0013477088948787063
"9,18",93,1,0,0,1,1,0.0006738544474393531,32451,,
"9,19",179,1,0,0,1,1,0.0006738544474393531,32565,,
"9,2",406,1,0,0,1,1,0.0006738544474393531,32173,,
"9,20",412,1,0,0,1,1,0.0006738544474393531,32572,,
"9,21",412,1,0,0,1,,0.0006738544474393531,17691,1,0.0013477088948787063
"9,22",413,1,0,0,1,1,0.0006738544474393531,32631,,
"9,23",413,1,0,0,1,,0.0006738544474393531,3661,1,0.0013477088948787063
"9,24",414,1,0,0,1,1,0.0006738544474393531,32665,,
"9,25",414,1,0,0,1,,0.0006738544474393531,24259,1,0.0013477088948787063
"9,26",4,1,0,0,1,1,0.0006738544474393531,32681,,
"9,27",381,1,0,0,1,1,0.0006738544474393531,32713,,
"9,28",415,1,0,0,1,1,0.0006738544474393531,32742,,
"9,29",415,1,0,0,2,,0.0013477088948787063,34359,2,0.0026954177897574125
"9,3",406,1,0,0,1,,0.0006738544474393531,32169,1,0.0013477088948787063
"9,30",416,1,0,0,1,1,0.0006738544474393531,32764,,
"9,31",416,1,0,0,1,,0.0006738544474393531,4196,1,0.0013477088948787063
"9,32",8,1,0,0,1,1,0.0006738544474393531,32790,,
"9,33",417,1,0,0,1,1,0.0006738544474393531,32797,,
"9,34",417,1,0,0,1,,0.0006738544474393531,28468,1,0.0013477088948787063
"9,35",418,1,0,0,1,1,0.0006738544474393531,32810,,
"9,36",418,1,0,0,1,,0.0006738544474393531,34684,1,0.0013477088948787063
"9,37",419,1,0,0,1,1,0.0006738544474393531,32835,,
"9,38",419,1,0,0,1,,0.0006738544474393531,5913,1,0.0013477088948787063
"9,39",420,1,0,0,1,1,0.0006738544474393531,32861,,
"9,4",359,1,0,0,1,1,0.0006738544474393531,32224,,
"9,40",420,1,0,0,1,,0.0006738544474393531,1141,1,0.0013477088948787063
"9,41",421,1,0,0,1,1,0.0006738544474393531,32865,,
"9,42",421,1,0,0,1,,0.0006738544474393531,30592,1,0.0013477088948787063
"9,43",422,1,0,0,1,1,0.0006738544474393531,32939,,
"9,44",422,1,0,0,1,,0.0006738544474393531,30585,1,0.0013477088948787063
"9,45",174,1,0,0,1,1,0.0006738544474393531,32947,,
"9,46",171,1,0,0,1,1,0.0006738544474393531,32965,,
"9,47",89,1,0,0,1,1,0.0006738544474393531,32967,,
"9,48",353,1,0,0,1,1,0.0006738544474393531,33048,,
"9,49",423,1,0,0,1,1,0.0006738544474393531,33090,,
"9,5",378,1,0,0,1,1,0.0006738544474393531,32303,,
"9,50",423,1,0,0,1,,0.0006738544474393531,31138,1,0.0013477088948787063
"9,51",424,1,0,0,1,1,0.0006738544474393531,33238,,
"9,52",424,1,0,0,2,,0.0013477088948787063,29943,2,0.0026954177897574125
"9,53",425,1,0,0,1,1,0.0006738544474393531,33276,,
"9,54",425,1,0,0,1,,0.0006738544474393531,24665,1,0.0013477088948787063
"9,55",144,1,0,0,1,1,0.0006738544474393531,33305,,
"9,56",426,1,0,0,1,1,0.0006738544474393531,33391,,
"9,57",426,1,0,0,1,,0.0006738544474393531,27093,1,0.0013477088948787063
"9,58",427,1,0,0,1,1,0.0006738544474393531,33395,,
"9,59",427,1,0,0,1,,0.0006738544474393531,32864,1,0.0013477088948787063
"9,6",407,1,0,0,1,1,0.0006738544474393531,32316,,
"9,60",344,1,0,0,1,1,0.0006738544474393531,33467,,
"9,61",375,1,0,0,1,1,0.0006738544474393531,33511,,
"9,62",16,1,0,0,1,1,0.0006738544474393531,33519,,
"9,63",428,1,0,0,1,1,0.0006738544474393531,33531,,
"9,64",428,1,0,0,1,,0.0006738544474393531,1234,1,0.0013477088948787063
"9,65",329,1,0,0,1,1,0.0006738544474393531,33539,,
"9,66",397,1,0,0,1,1,0.0006738544474393531,33554,,
"9,67",429,1,0,0,1,1,0.0006738544474393531,33611,,
"9,68",429,1,0,0,1,,0.0006738544474393531,604,1,0.0013477088948787063
"9,69",8,1,0,0,1,1,0.0006738544474393531,33622,,
"9,7",407,1,0,0,2,,0.0013477088948787063,34315,2,0.0026954177897574125
"9,70",13,1,0,0,1,1,0.0006738544474393531,33626,,
"9,71",430,1,0,0,1,1,0.0006738544474393531,33638,,
"9,72",430,1,0,0,1,,0.0006738544474393531,26810,1,0.0013477088948787063
"9,73",261,1,0,0,1,1,0.0006738544474393531,33680,,
"9,74",424,1,0,0,1,1,0.0006738544474393531,33683,,
"9,75",345,1,0,0,1,1,0.0006738544474393531,33725,,
"9,76",431,1,0,0,1,1,0.0006738544474393531,33869,,
"9,77",431,1,0,0,1,,0.0006738544474393531,27885,1,0.0013477088948787063
"9,78",407,1,0,0,1,1,0.0006738544474393531,33887,,
"9,79",432,1,0,0,1,1,0.0006738544474393531,33889,,
"9,8",408,1,0,0,1,1,0.0006738544474393531,32326,,
"9,80",432,1,0,0,1,,0.0006738544474393531,1009,1,0.0013477088948787063
"9,81",433,1,0,0,1,1,0.0006738544474393531,33929,,
"9,82",433,1,0,0,1,,0.0006738544474393531,29501,1,0.0013477088948787063
"9,83",434,1,0,0,1,1,0.0006738544474393531,34044,,
"9,84",434,1,0,0,1,,0.0006738544474393531,32544,1,0.0013477088948787063
"9,85",435,1,0,0,1,1,0.0006738544474393531,34056,,
"9,86",435,1,0,0,1,,0.0006738544474393531,31986,1,0.0013477088948787063
"9,87",436,1,0,0,1,1,0.0006738544474393531,34159,,
"9,88",436,1,0,0,1,,0.0006738544474393531,25341,1,0.0013477088948787063
"9,89",437,1,0,0,1,1,0.0006738544474393531,34170,,
"9,9",408,1,0,0,1,,0.0006738544474393531,30472,1,0.0013477088948787063
"9,90",437,1,0,0,1,,0.0006738544474393531,31131,1,0.0013477088948787063
"9,91",132,1,0,0,1,1,0.0006738544474393531,34276,,
"9,92",12,1,0,0,1,1,0.0006738544474393531,34285,,
"9,93",438,1,0,0,1,1,0.0006738544474393531,34320,,
"9,94",438,1,0,0,1,,0.0006738544474393531,32049,1,0.0013477088948787063
"9,95",250,1,0,0,1,1,0.0006738544474393531,34360,,
"9,96",122,1,0,0,1,1,0.0006738544474393531,34362,,
"9,97",439,1,0,0,1,1,0.0006738544474393531,34393,,
"9,98",439,1,0,0,1,,0.0006738544474393531,4160,1,0.0013477088948787063
"9,99",440,1,0,0,1,1,0.0006738544474393531,34432,,
