id,bias,delta,gradient
65,-0.14105377120014917,0.53398257006610872,0
66,-0.11123819328436546,-0.18398793376236589,0
67,-0.52163663484232337,0.57302321939404277,0
68,-0.50952366344142874,-0.83012844986753931,0
69,-0.87737928511452834,0.88598157739545291,0
6A,0.14563103166671043,-0.0027813590144651901,0
6B,0.31229254783494037,7.763447708135805E-10,7.7634477081358046E-09
6C,0.076122399465262794,-2.4652474436731073E-10,-2.4652474436731072E-09
6D,0.29957262773427235,-2.7217460110985854E-09,-2.7217460110985853E-08
6E,-0.099101344667142627,1.5851592371400328E-09,1.5851592371400327E-08
6F,0.84806755631679431,-1.2950515237068124E-10,-1.2950515237068124E-09
70,-1.0947043339707361,-1.6506677148414077E-09,-1.6506677148414075E-08
71,0.10301746065414397,1.0695381438712321E-09,1.0695381438712321E-08
72,-0.32810855355300128,1.2755406105767783E-09,1.2755406105767783E-08
73,1.1424182386128834,9.6128639474528096E-10,9.6128639474528101E-09
74,-1.3068064162037003,-6.7679678928186591E-11,-6.7679678928186583E-10
75,-0.32520203238144385,4.6384869138218661E-10,4.6384869138218659E-09
76,-1.398335331943743,1.1285600494948378E-10,1.1285600494948378E-09
77,0.43129777427673543,2.5463595573794021E-09,2.5463595573794021E-08
78,-1.7521192684585256,1.0047549691234717E-09,1.0047549691234717E-08
79,-0.89155643103017834,2.4435610370656329E-09,2.4435610370656326E-08
7A,1.5768465622359147,-2.9270726954808337E-11,-2.9270726954808337E-10
7B,0.10125340549261047,-2.253968308465838E-09,-2.2539683084658379E-08
7C,-1.58131345807238,2.2983547812031853E-10,2.2983547812031853E-09
7D,-1.3191237873425001,4.3868794058148278E-10,4.3868794058148277E-09
7E,-1.0081514569487191,6.0988654256907111E-11,6.0988654256907114E-10
7F,-1.3631472444446,-2.198309385557392E-09,-2.198309385557392E-08
80,0.52173401340852599,-6.1494680850565195E-09,-6.1494680850565193E-08
81,-0.79041994992881537,-6.4487205188166001E-10,-6.4487205188165993E-09
82,0.31183446757085431,-9.8454466329611298E-10,-9.845446632961129E-09
83,-0.82237260413666202,9.7984463943943396E-10,9.7984463943943387E-09
84,-1.1675232755330449,-3.2448931986338911E-10,-3.2448931986338907E-09
85,-0.70906559754715237,-4.8509843567777201E-09,-4.8509843567777198E-08
86,-0.056427057617308388,1.2455824936146187E-09,1.2455824936146186E-08
87,-0.80032452613105365,-1.3515041094700717E-09,-1.3515041094700716E-08
88,1.5260782508183917,-6.4575289017840396E-10,-6.4575289017840394E-09
89,-0.76055812906657272,-5.5209500522399944E-10,-5.5209500522399944E-09
8A,-0.042368026870991608,-1.4865763181503671E-09,-1.486576318150367E-08
8B,1.8929530754380897,1.7038954872657362E-11,1.703895487265736E-10
8C,0.48087831287714988,-3.4866269673287512E-09,-3.486626967328751E-08
8D,0.91894096283382176,-4.0782111903095184E-09,-4.0782111903095186E-08
8E,0.68673677747163719,-6.1261241521954741E-10,-6.1261241521954734E-09
8F,-0.91546757605923779,-3.0266531041182194E-10,-3.0266531041182194E-09
90,-0.20583538468149282,-4.4238501497660061E-09,-4.423850149766006E-08
91,0.0033100212371029118,3.5799999415163935E-09,3.5799999415163934E-08
92,0.77105840192140984,1.6408191320992293E-09,1.6408191320992292E-08
93,-1.1429589157202968,-1.9191483241281768E-10,-1.9191483241281767E-09
94,0.23217400030564189,-4.1398579543326616E-09,-4.1398579543326611E-08
95,-0.82937489298641565,-8.4672872624560469E-10,-8.4672872624560467E-09
96,-1.0788603575150626,3.4601719859943758E-10,3.4601719859943758E-09
97,-1.7603026999459521,3.1990335048841426E-11,3.1990335048841426E-10
98,-0.15745345598416505,-1.2626943654291881E-09,-1.262694365429188E-08
99,2.039131550678194,6.1927084534557381E-12,6.1927084534557377E-11
9A,0.38097589644919105,6.7020603197613684E-09,6.7020603197613678E-08
9B,1.499235427290138,1.62929233327456E-09,1.6292923332745598E-08
9C,1.4360545895209627,6.8511742376525562E-10,6.8511742376525556E-09
9D,0.21658811419197982,-3.0317737354208442E-10,-3.0317737354208438E-09
9E,0.41845070430612585,-8.8012674821784913E-10,-8.8012674821784911E-09
9F,0.63090475696931414,-3.4711094129792015E-09,-3.4711094129792012E-08
A0,0.7301214956589841,1.0591177588484791E-09,1.059117758848479E-08
A1,-1.1661884530084539,-1.3553191248123087E-10,-1.3553191248123087E-09
A2,0.50804463025287772,4.2638329770326297E-10,4.2638329770326295E-09
A3,0.55455291257934636,-4.5642900774020992E-09,-4.5642900774020985E-08
A4,0.55231271974855867,-1.2065476468803239E-09,-1.2065476468803238E-08
A5,-1.2013151379922209,1.8392185433900888E-11,1.8392185433900888E-10
A6,-1.2841186224437977,2.1734528160540942E-10,2.173452816054094E-09
A7,1.4157773425610942,7.055262708652523E-10,7.055262708652523E-09
A8,-0.7131283922388445,-6.6945807040163038E-10,-6.6945807040163036E-09
A9,0.016527586616145954,2.1342903924861697E-10,2.1342903924861695E-09
AA,1.3701220341958265,-2.850308556135734E-10,-2.850308556135734E-09
AB,1.0533818267964885,1.3885809550552844E-11,1.3885809550552842E-10
AC,0.60500579055396464,-2.1554980992841224E-09,-2.1554980992841222E-08
AD,-0.01358600575448795,-2.6196532416111482E-09,-2.6196532416111479E-08
AE,0.14440997248677098,-8.9080389319276515E-09,-8.9080389319276505E-08
AF,-1.1398055289758133,2.3705973428021485E-10,2.3705973428021482E-09
B0,-1.0376102090800718,4.0958019835286441E-09,4.0958019835286438E-08
B1,-1.1859589388663758,3.510849147121566E-09,3.5108491471215658E-08
B2,0.88363906232929068,-2.9613824035172124E-09,-2.9613824035172123E-08
B3,-0.74737163824487218,-1.3121819830133229E-09,-1.3121819830133227E-08
B4,-0.26055709923142928,-2.6345846897466082E-10,-2.6345846897466083E-09
B5,0.71496953432965349,1.6318906849307132E-09,1.631890684930713E-08
B6,-0.65151289631930598,2.7045872337852998E-11,2.7045872337852998E-10
B7,-0.42144605502871768,1.8068086563020875E-09,1.8068086563020875E-08
B8,1.5564725995361319,9.4198542271381693E-11,9.4198542271381688E-10
B9,-0.11600293685479444,-5.2663867924487781E-09,-5.2663867924487779E-08
BA,1.2533908646338596,-3.0100241037621645E-10,-3.0100241037621642E-09
BB,-0.95450792431936404,-2.1440254592412791E-10,-2.1440254592412791E-09
BC,1.4314005428395891,-8.7469072473934828E-10,-8.7469072473934826E-09
BD,-0.78958919435808483,-1.0656803594977532E-09,-1.0656803594977532E-08
BE,0.23394561398714805,3.7821706312363949E-10,3.7821706312363948E-09
BF,-0.24885331203994579,8.9923314286518597E-10,8.992331428651859E-09
C0,0.74629270042506612,4.8050051458465994E-09,4.8050051458465989E-08
C1,1.2569477108535838,-2.0679392961050852E-11,-2.0679392961050851E-10
C2,-0.79523250068541995,1.3123745918643843E-09,1.3123745918643843E-08
C3,-0.17143612131311464,-8.9650139026077769E-09,-8.9650139026077762E-08
C4,0.38294124289120463,3.5258012139745906E-09,3.5258012139745905E-08
C5,0.11779618013777463,4.8879359576433754E-10,4.8879359576433754E-09
C6,-1.91260998236087,8.2212140408053954E-10,8.2212140408053954E-09
C7,-0.25226782835508094,-1.0503615909656666E-10,-1.0503615909656665E-09
C8,-0.74473716319694871,-1.6380281885909454E-10,-1.6380281885909454E-09
C9,-1.2979329141188227,3.7223775412853842E-10,3.722377541285384E-09
CA,-0.97707871266174717,5.0200576723092075E-10,5.0200576723092073E-09
CB,-0.54788614408956127,-3.8665730139549914E-10,-3.8665730139549914E-09
CC,-0.42207902531789993,-4.4202647295752183E-09,-4.420264729575218E-08
CD,-0.31256243977993742,-2.8003741356139672E-09,-2.8003741356139672E-08
CE,1.6401958643201047,1.3004209322031357E-09,1.3004209322031357E-08
CF,-1.1184014521506589,2.0874399718957257E-16,2.0874399718957257E-15
D0,-0.68701788849975576,-3.6880210891618394E-11,-3.6880210891618391E-10
D1,-1.8589719425940467,-2.1454283847888761E-15,-2.1454283847888759E-14
D2,0.0668020559643413,1.7388504946825919E-09,1.7388504946825917E-08
D3,-1.7020989627823861,2.4938470179605321E-12,2.4938470179605318E-11
D4,1.1274685239816746,-2.8269359519082785E-10,-2.8269359519082785E-09
D5,-0.40804241481786757,8.6112178929405236E-10,8.6112178929405231E-09
D6,-1.207078967059148,3.4291057723272916E-18,3.4291057723272916E-17
D7,1.1569404963439114,1.7001576236221088E-13,1.7001576236221087E-12
D8,0.95905080227489226,1.8775378232692093E-18,1.8775378232692093E-17
D9,0.35926786990963822,3.3119462234661451E-12,3.311946223466145E-11
DA,-1.5928440436065618,-4.7443699042606632E-15,-4.7443699042606631E-14
DB,-0.74807885456437462,-3.3963814690578318E-15,-3.3963814690578318E-14
DC,-0.7033035374714961,4.8080144243343077E-15,4.8080144243343074E-14
DD,0.66279556336074141,-4.3067865757685844E-10,-4.3067865757685843E-09
DE,-0.65447525920952387,-1.9651625836704736E-12,-1.9651625836704734E-11
DF,0.29798136113644069,-3.164235664165021E-13,-3.1642356641650206E-12
E0,-0.72268141281987264,2.9368981316800605E-12,2.9368981316800602E-11
E1,0.12011234498315732,-3.7782839426059614E-15,-3.7782839426059614E-14
E2,-0.61309522679082951,4.6838586986395038E-13,4.6838586986395034E-12
E3,-0.79004652914061102,4.0403541052725737E-14,4.0403541052725733E-13
E4,0.049848672202761374,-6.0933387802522139E-11,-6.0933387802522139E-10
E5,0.57683388593459106,9.2675115940092266E-11,9.2675115940092264E-10
E6,-0.4113345748335055,-2.1395718422419304E-14,-2.1395718422419304E-13
E7,-1.2301833592413021,1.3452716520355821E-23,1.345271652035582E-22
E8,-0.77692174645880863,-4.8713388581899296E-12,-4.8713388581899295E-11
E9,-0.98669538537511525,1.2243757295982282E-15,1.2243757295982281E-14
EA,-0.075858428477651729,1.7036373777464456E-18,1.7036373777464456E-17
EB,1.5198921510628374,-5.6764529821650158E-16,-5.676452982165015E-15
EC,-0.70867354294234652,-9.3747367821884295E-16,-9.3747367821884291E-15
ED,0.37877192327131787,1.2932818049893495E-14,1.2932818049893495E-13
EE,1.1382951613974983,7.1777968530203116E-18,7.1777968530203113E-17
EF,1.168672885571749,-3.1344649993439767E-12,-3.1344649993439767E-11
F0,1.2406161287429422,2.9813832053920828E-11,2.9813832053920826E-10
F1,0.87245616615025046,2.2879912070766779E-16,2.2879912070766776E-15
F2,-0.084440577588312138,-5.0608196452553002E-18,-5.0608196452553E-17
F3,0.18049846258558039,1.8477243478510467E-21,1.8477243478510464E-20
F4,0.17483014538242855,-3.3451177276735306E-13,-3.3451177276735302E-12
F5,-0.83118440911969715,1.0466479969743794E-13,1.0466479969743794E-12
F6,-0.60142648850148472,-2.4966929293909226E-16,-2.4966929293909227E-15
F7,0.71500855186294276,9.6206111531886655E-15,9.6206111531886651E-14
F8,1.4817246427099615,1.388087726961632E-14,1.388087726961632E-13
F9,0.51040891626046825,-4.4820614024649002E-19,-4.4820614024649E-18
FA,0.016069798750711944,-3.8485596674571844E-17,-3.8485596674571841E-16
FB,0.13233080924558757,-2.0995385495215129E-11,-2.0995385495215126E-10
FC,0.77558731372463552,4.5225499226393768E-18,4.5225499226393767E-17
FD,0.46163644091335443,5.9945249882645034E-14,5.9945249882645029E-13
FE,0.042332517489138438,-1.628046983027552E-12,-1.6280469830275519E-11
FF,-1.3660675540389975,1.7306735093511751E-09,1.7306735093511751E-08
100,-0.37098846573236327,-1.2277632511169885E-12,-1.2277632511169885E-11
101,-0.93712233264573108,1.6456676594100921E-10,1.6456676594100921E-09
102,0.027786645435034275,-7.407922783373117E-12,-7.4079227833731163E-11
103,0.17869338017714412,-2.9370995867825042E-10,-2.9370995867825042E-09
104,-0.1299459321519007,1.7644217386722605E-14,1.7644217386722605E-13
105,0.80845573891386002,2.4279988943374724E-11,2.4279988943374721E-10
106,1.4368352567566842,1.7085144209326357E-17,1.7085144209326356E-16
107,-0.090342692799380536,-2.7801240540880351E-11,-2.7801240540880348E-10
108,-0.22563793585267311,-1.8660182327281733E-19,-1.8660182327281731E-18
109,0.67557947059430257,-6.3916034967670463E-13,-6.3916034967670461E-12
10A,0.79366559103899292,-1.8223323010154626E-16,-1.8223323010154625E-15
10B,-0.32969394810344643,1.4541938268378863E-11,1.4541938268378861E-10
10C,0.91834061721987525,-2.8366522073648996E-12,-2.8366522073648995E-11
10D,-0.30024203783758341,-2.3366006027786365E-12,-2.3366006027786364E-11
10E,0.24167197174258417,-7.0454661178559998E-12,-7.0454661178559998E-11
10F,-0.17513562571792779,-2.9584112977972128E-11,-2.9584112977972124E-10
110,-0.28213833177896225,5.1275448961721437E-10,5.1275448961721433E-09
111,-0.45751413725866469,1.5427128734100181E-09,1.5427128734100179E-08
112,1.3242836840275212,-1.4203052131172309E-11,-1.4203052131172308E-10
113,-0.37022430391338168,1.5443666385312746E-11,1.5443666385312746E-10
114,0.6640674359626213,4.5930817377696716E-13,4.5930817377696716E-12
115,-0.9924931880379374,3.7443714165884228E-19,3.7443714165884224E-18
116,-0.5215012427377268,-2.6034515558726743E-17,-2.6034515558726742E-16
117,0.27096016098931552,-8.9193281044053295E-13,-8.9193281044053295E-12
118,-0.74303776985864367,-1.0211135375997594E-12,-1.0211135375997594E-11
119,0.23210668275900292,4.5325930159232445E-11,4.5325930159232441E-10
11A,-1.2005301730257134,-2.6000734913854249E-16,-2.600073491385425E-15
11B,0.70622446066593336,3.9394020260022948E-15,3.9394020260022948E-14
11C,-0.51344430307201705,-3.418094700613377E-12,-3.4180947006133766E-11
11D,0.85588125531793191,1.5598014212652114E-12,1.5598014212652112E-11
11E,0.51826847297198697,2.1683776515475054E-12,2.1683776515475052E-11
11F,-0.44163509125337791,-6.1447921607304866E-15,-6.1447921607304866E-14
120,0.42177831874962007,2.6732352322317781E-16,2.6732352322317779E-15
121,0.22233482589471107,1.5939690329949983E-10,1.5939690329949981E-09
122,-1.1694426910123932,-8.8788591842373301E-16,-8.8788591842373295E-15
123,-0.27373968642733776,2.4435078508859259E-14,2.4435078508859258E-13
124,1.0441965529319404,6.9162633732848761E-10,6.9162633732848754E-09
125,-0.16213481325533427,4.762382428469177E-16,4.762382428469177E-15
126,-0.38947066298279853,-6.8939935463760482E-11,-6.8939935463760477E-10
127,0.13645063962438231,1.9579414095645729E-14,1.9579414095645727E-13
128,1.6409571472546631,-1.4536506307097595E-12,-1.4536506307097594E-11
129,-1.7355040541722913,-7.5867921379137911E-11,-7.5867921379137904E-10
12A,0.20613081168026229,1.5393787431976314E-14,1.5393787431976313E-13
12B,0.005316107697450132,-2.1013826739960966E-10,-2.1013826739960964E-09
12C,-0.060464957905787597,-1.796255061551769E-09,-1.7962550615517689E-08
12D,-0.43807168573818461,3.2602433766030146E-14,3.2602433766030142E-13
12E,0.70443632886824115,-8.077280301700011E-10,-8.0772803017000102E-09
12F,0.42988615868364838,1.9558721169401705E-12,1.9558721169401704E-11
130,1.2263316102338009,-1.2587861916739997E-18,-1.2587861916739995E-17
131,-0.84435772555434463,-6.8315785715190644E-15,-6.8315785715190638E-14
132,-0.33293450978567385,1.5178883320586896E-10,1.5178883320586894E-09
133,-0.0068343045495733194,5.5531624148932756E-18,5.5531624148932756E-17
134,0.09934117706896177,-3.69649818968242E-16,-3.6964981896824199E-15
135,-1.46027006153826,6.0987196381855379E-13,6.0987196381855371E-12
136,1.1793075129721153,6.757778843575442E-11,6.7577788435754413E-10
137,0.59498475148479446,6.6587477219416241E-15,6.6587477219416237E-14
138,0.11779272248675965,-7.0462391939951603E-13,-7.0462391939951595E-12
139,1.036452606311506,-1.1394221706187823E-19,-1.1394221706187822E-18
13A,-0.19910587083700509,1.4738987435795598E-18,1.4738987435795598E-17
13B,0.22355137798800531,-2.2987714080877177E-13,-2.2987714080877176E-12
13C,0.11619460944335948,2.5082819319775583E-11,2.5082819319775581E-10
13D,-0.03486454931162581,-2.39458445661796E-10,-2.3945844566179598E-09
13E,1.2164604231844456,-9.5864180348965717E-16,-9.5864180348965713E-15
13F,1.065632053322084,1.6990066367820872E-11,1.699006636782087E-10
140,-0.73550484873405797,-1.1996864991852854E-12,-1.1996864991852853E-11
141,0.41118496576165742,2.0627751761117575E-15,2.0627751761117573E-14
142,0.16814440640162442,1.4715978546840725E-11,1.4715978546840724E-10
143,0.56446971636674748,-2.0331680913631362E-13,-2.0331680913631362E-12
144,0.77743798604891068,4.1652620215531824E-17,4.165262021553182E-16
145,0.16295933010660377,-5.3864961396876045E-19,-5.3864961396876043E-18
146,-0.96697858182005214,4.7582270802226371E-17,4.758227080222637E-16
147,-0.53105269844214709,-4.3799860436048548E-15,-4.3799860436048545E-14
148,-1.4313413134453907,-1.7267735886189394E-13,-1.7267735886189393E-12
149,-0.13979416171650613,-2.0011978824328618E-11,-2.0011978824328618E-10
14A,0.41507271834672016,-3.545685811646859E-14,-3.5456858116468585E-13
14B,-0.17240426845310522,-9.510250179641464E-11,-9.510250179641463E-10
14C,0.69589120602067789,6.6687129046560052E-13,6.6687129046560048E-12
14D,-0.16856572906443501,-2.6845549899293781E-17,-2.684554989929378E-16
14E,-1.118010851596861,1.5769033713586832E-15,1.5769033713586831E-14
14F,-1.5863916517095158,-1.8019169669026698E-17,-1.8019169669026698E-16
150,-0.48952090983790786,-4.3061006632475137E-17,-4.3061006632475132E-16
151,0.63673674978316552,-2.0830046830094011E-16,-2.0830046830094011E-15
152,-0.69351438701616674,-6.2723783059232527E-11,-6.2723783059232527E-10
153,0.49274017761160988,2.0424005777355738E-11,2.0424005777355737E-10
154,-0.8986516171304032,-8.1979178427013172E-16,-8.197917842701317E-15
155,1.4433579062963862,-2.7095026934702693E-11,-2.7095026934702693E-10
156,0.46952103670986639,4.420812098274105E-16,4.4208120982741046E-15
157,-0.2424559122706853,-7.1592040785040849E-11,-7.1592040785040844E-10
158,0.9297304630123493,-1.5235875733872669E-11,-1.5235875733872669E-10
159,0.48056327661254905,1.7862531991215517E-15,1.7862531991215517E-14
15A,-0.66127413816687408,1.4075096223549243E-12,1.4075096223549242E-11
15B,0.026417182880648094,-1.8732710999600982E-12,-1.873271099960098E-11
15C,1.3204134600314903,7.5008869803118508E-14,7.5008869803118498E-13
15D,-0.56245855606023021,-1.1394633989443922E-16,-1.1394633989443921E-15
15E,-0.069154050995057503,-4.5559352782487187E-13,-4.5559352782487189E-12
15F,-0.27079424586092438,-1.2249293956430474E-13,-1.2249293956430474E-12
160,0.35000439418947338,8.8174148285797444E-10,8.817414828579744E-09
161,-0.021314629681304462,-6.5970938693763524E-12,-6.5970938693763519E-11
162,-1.6173915551386298,-1.7752007555252143E-21,-1.7752007555252141E-20
163,0.54333278377177407,-2.6475175559182189E-17,-2.6475175559182188E-16
164,-0.56001385355033229,-3.312939441026814E-10,-3.312939441026814E-09
165,0.27458171963472772,-3.2545744131367214E-17,-3.254574413136721E-16
166,-0.77722872027833001,-3.7519003985286169E-17,-3.7519003985286165E-16
167,0.64975989180481963,-1.5328683622316302E-11,-1.5328683622316302E-10
168,-0.12893316325913759,5.2485971129063755E-12,5.2485971129063755E-11
169,0.59710783826942637,6.7553727241261183E-19,6.7553727241261181E-18
16A,-0.47833616809574714,3.9617698357486077E-12,3.9617698357486074E-11
16B,1.7142329088160502,7.9770226552996304E-19,7.9770226552996296E-18
16C,0.0014194798471395651,5.6011517843802328E-11,5.6011517843802323E-10
16D,-0.22306615504367336,1.5767887401616201E-13,1.5767887401616201E-12
16E,-1.0350635951470739,2.6965254339098958E-10,2.6965254339098955E-09
16F,-0.39697683729435018,1.3429369821990214E-17,1.3429369821990214E-16
170,0.80209471744179417,-1.0129876430550497E-16,-1.0129876430550496E-15
171,-0.36731391700606708,-6.6583460264093513E-11,-6.6583460264093508E-10
172,1.3005666884450906,-4.5221434554798803E-14,-4.5221434554798801E-13
173,-0.64031216282487202,-5.2623852275157833E-11,-5.2623852275157832E-10
174,-0.43463985282044226,1.2195699952366102E-18,1.2195699952366102E-17
175,0.34779861775057225,-2.4690041241000581E-13,-2.4690041241000582E-12
176,-0.37004481440485004,8.6669210303609933E-14,8.6669210303609931E-13
177,-0.7899275888862054,3.2930536118981457E-14,3.2930536118981456E-13
178,0.52181313256969519,-1.7945581122253163E-15,-1.7945581122253162E-14
179,-0.11873873658346708,3.6123526204866593E-10,3.6123526204866592E-09
17A,-0.11143389446528977,1.0013260939693483E-10,1.0013260939693482E-09
17B,-1.5380250946784557,-1.7402938495973318E-13,-1.7402938495973317E-12
17C,-0.039393046164683317,1.4380154656451325E-12,1.4380154656451324E-11
17D,0.76386898308104789,-1.5671099120362361E-15,-1.567109912036236E-14
17E,1.310443195511386,3.9851625263692811E-13,3.985162526369281E-12
17F,-0.081926705650002776,-4.622054897703774E-18,-4.6220548977037739E-17
180,-0.048648697869617959,-1.7489968634817185E-10,-1.7489968634817183E-09
181,-0.63930261465307059,-1.1788145890614295E-10,-1.1788145890614293E-09
182,-1.0659907158520479,-1.4676844446227033E-10,-1.4676844446227032E-09
183,-1.3830265607973606,2.1270783435717159E-13,2.1270783435717158E-12
184,-0.4799916215550718,-1.268328738943518E-20,-1.2683287389435179E-19
185,0.42782014748273334,-1.5916722050947456E-11,-1.5916722050947455E-10
186,0.034104406626764075,-8.2486095178152689E-19,-8.2486095178152681E-18
187,-1.2712177566971647,7.1208125491873084E-10,7.1208125491873078E-09
188,1.4188119662895682,-6.0660032407426873E-10,-6.0660032407426873E-09
189,-0.97885076751475031,1.258465428143596E-09,1.2584654281435958E-08
18A,-1.5916096292637154,-1.3434037301194559E-11,-1.3434037301194557E-10
18B,0.35848015342743161,-3.9509597360966748E-18,-3.9509597360966746E-17
18C,0.85910856421280712,4.505671725987399E-16,4.5056717259873985E-15
18D,0.5564311645388047,6.7867986698132885E-17,6.7867986698132883E-16
18E,-0.12390518971356966,4.516549946311696E-13,4.5165499463116959E-12
18F,0.66356834839859846,3.6448897947178259E-12,3.644889794717826E-11
190,0.82814835129952591,-1.2098863275486182E-13,-1.2098863275486181E-12
191,-0.8031570948569956,2.3667920969755126E-11,2.3667920969755123E-10
192,0.11361412279647398,-7.5540486957770444E-12,-7.5540486957770435E-11
193,-0.11584479727612015,2.0634066026200228E-09,2.0634066026200227E-08
194,-1.1590813870058858,-1.0521211062689173E-13,-1.0521211062689173E-12
195,1.4569658557586376,-5.9739397874642379E-12,-5.9739397874642375E-11
196,0.18234172518815073,2.5010345531176392E-16,2.5010345531176393E-15
197,-0.082040981739649618,2.9515482338552229E-17,2.9515482338552229E-16
198,0.019618647149499239,3.6506685052071941E-13,3.6506685052071938E-12
199,0.15795729695441241,-9.1171859804357869E-17,-9.1171859804357862E-16
19A,-0.98665233624178206,2.5422589853835517E-16,2.5422589853835515E-15
19B,-0.095254019853618435,-6.7198723281073669E-15,-6.7198723281073668E-14
19C,-0.61199834014983423,-3.1314292049157617E-19,-3.1314292049157616E-18
19D,-0.07928594646882195,1.1010732271711821E-13,1.101073227171182E-12
19E,0.96297523210495173,-1.4333020893523667E-15,-1.4333020893523666E-14
19F,0.23187431403986869,2.2545483287865625E-16,2.2545483287865625E-15
1A0,-1.1353046958220416,3.2255807009927553E-12,3.2255807009927553E-11
1A1,-0.70674470042380921,8.2709150492776531E-16,8.2709150492776527E-15
1A2,1.4830088873211336,5.6964787843373283E-16,5.6964787843373277E-15
1A3,-0.11685458457572082,-4.963635048537386E-12,-4.9636350485373856E-11
1A4,0.32823873062226205,-1.7797932856401014E-10,-1.7797932856401013E-09
1A5,0.93954568150280271,-2.9101676677463438E-14,-2.9101676677463439E-13
1A6,-0.68437736426061924,-1.2718092260262379E-12,-1.2718092260262377E-11
1A7,-1.3746916091266455,1.9177936308739878E-13,1.9177936308739878E-12
1A8,-0.018598696947078164,3.0016057690845728E-19,3.0016057690845727E-18
1A9,-0.81654133328968925,-1.245034891653919E-14,-1.2450348916539189E-13
1AA,0.44532160774303592,7.8798806925666353E-12,7.879880692566635E-11
1AB,1.1687124805005542,-1.9504283484637284E-15,-1.9504283484637285E-14
1AC,0.72629537675657796,-1.0346072784131911E-22,-1.0346072784131911E-21
1AD,-0.30681292686113959,0,0
1AE,0.89303150935452369,-7.9041986719583051E-18,-7.9041986719583048E-17
1AF,-0.2268956419214615,2.5691969518727641E-14,2.569196951872764E-13
1B0,1.5762508390487397,-1.8899370232072011E-13,-1.889937023207201E-12
1B1,-0.99076128724166457,2.2971228516221019E-11,2.2971228516221019E-10
1B2,-0.3816266859921198,2.6827468872416606E-17,2.6827468872416605E-16
1B3,-1.2214259166834156,-1.0348852706737845E-10,-1.0348852706737845E-09
1B4,-1.144083628457623,2.0615455870241039E-12,2.061545587024104E-11
1B5,1.0341680350898519,-2.5579672098581235E-10,-2.5579672098581234E-09
1B6,-0.96202814321753694,5.8489425110539981E-15,5.8489425110539981E-14
1B7,-0.021697509441987731,5.4080226889570629E-17,5.4080226889570627E-16
1B8,-0.76843644489293972,-2.0077024372749698E-19,-2.0077024372749697E-18
1B9,0.20824917481870897,1.5162118039037072E-22,1.5162118039037071E-21
1BA,-0.34086694548880192,-1.066690999569358E-17,-1.0666909995693579E-16
1BB,0.99388625302646205,-1.1707004164629406E-12,-1.1707004164629405E-11
1BC,0.31171871415274299,-1.1478207961728575E-09,-1.1478207961728574E-08
1BD,0.16433132426662109,3.8129997256753047E-15,3.8129997256753043E-14
1BE,-0.77404102537738395,2.0309223778279575E-11,2.0309223778279574E-10
1BF,0.56587898148281757,-5.5959490279628254E-16,-5.595949027962825E-15
1C0,-0.29580895580288807,-4.0362622824969996E-14,-4.0362622824969991E-13
1C1,-0.71009629237736283,-7.3070574529024488E-16,-7.3070574529024486E-15
1C2,1.1369209780910561,-5.5705884763111315E-13,-5.5705884763111309E-12
1C3,0.38505825421683565,-5.8779789196326372E-11,-5.8779789196326364E-10
1C4,-1.7490594972238309,3.933909645586045E-14,3.9339096455860445E-13
1C5,0.13419833601829867,4.3762728814892941E-19,4.3762728814892941E-18
1C6,0.22068802872077897,-6.9334255138769707E-13,-6.9334255138769707E-12
1C7,0.17925620780859453,-1.032434384451295E-12,-1.0324343844512949E-11
1C8,-0.27138285620358643,-1.103127348518373E-09,-1.103127348518373E-08
1C9,-0.47816601829564198,9.9387867865627749E-13,9.9387867865627749E-12
1CA,0.91467584562860993,2.0168420699763671E-13,2.0168420699763671E-12
1CB,0.16171683398062336,-1.7313844133316224E-14,-1.7313844133316224E-13
1CC,-0.29369083503110677,1.0573369544936716E-11,1.0573369544936716E-10
1CD,-0.95602972031923883,-5.0655664941020309E-14,-5.0655664941020306E-13
1CE,-0.091746900831441519,-2.4543346090866925E-17,-2.4543346090866925E-16
1CF,0.79787225316100263,-2.7554034542314732E-13,-2.7554034542314728E-12
1D0,-0.054856334906152868,2.885462803739594E-15,2.8854628037395937E-14
1D1,0.620440965388943,5.0447297718883336E-10,5.0447297718883336E-09
1D2,-0.23710657716494499,-2.5353383865796582E-16,-2.5353383865796579E-15
1D3,-0.35002710939899256,3.7280118058495926E-10,3.7280118058495921E-09
1D4,-1.4886584512513508,3.067137567614794E-13,3.0671375676147938E-12
1D5,0.84593405617339423,2.1278865400820486E-10,2.1278865400820485E-09
1D6,0.6387393969442321,-4.455859599726391E-14,-4.4558595997263907E-13
1D7,-0.82560939307552772,-1.856488657011638E-13,-1.856488657011638E-12
1D8,-0.58315839498897182,-1.1872069875144697E-11,-1.1872069875144696E-10
1D9,-1.3819077321816964,6.6278050888794403E-10,6.6278050888794399E-09
1DA,0.27884722233242559,1.9372518640429227E-14,1.9372518640429227E-13
1DB,-0.55984956430905819,2.7185681936409623E-13,2.7185681936409622E-12
1DC,0.0080505107593950315,-5.3588086345924474E-17,-5.3588086345924469E-16
1DD,0.8696753798319391,3.3790562546187467E-17,3.3790562546187466E-16
1DE,-0.64203672979155868,1.8754970152184529E-13,1.8754970152184529E-12
1DF,0.18543484390425843,3.1647286001009112E-18,3.164728600100911E-17
1E0,0.20475412364285497,2.2566213121563161E-17,2.2566213121563161E-16
1E1,1.1881109693993808,4.5671668352752418E-13,4.567166835275242E-12
1E2,0.21803646883114053,-2.0792529861441673E-13,-2.0792529861441671E-12
1E3,0.038704264975347881,-7.2433797166720633E-14,-7.2433797166720627E-13
1E4,-0.85994405545648733,1.0215128983924453E-14,1.0215128983924452E-13
1E5,-0.55411346147829665,4.5138238990309018E-12,4.5138238990309014E-11
1E6,-1.5146501637358256,2.2943566987753809E-21,2.2943566987753807E-20
1E7,0.074599145766694727,-9.040058261556666E-11,-9.0400582615566652E-10
1E8,-0.99932531112883094,2.3106545359219124E-11,2.3106545359219123E-10
1E9,0.12032427781098244,-3.5412712985113499E-22,-3.5412712985113498E-21
1EA,-0.62180195523464521,-9.6701238126640358E-14,-9.6701238126640356E-13
1EB,-0.47069780260890276,-6.4588347791564481E-13,-6.4588347791564475E-12
1EC,0.6346044207399919,1.8016005087432226E-09,1.8016005087432225E-08
1ED,-0.89772251001240588,6.493052500798854E-12,6.4930525007988537E-11
1EE,1.6670951445086482,9.9604662866677754E-19,9.9604662866677758E-18
1EF,-0.3594085494129925,-9.0638497960935569E-24,-9.0638497960935563E-23
1F0,0.47943044608743962,6.9836277325325193E-14,6.9836277325325188E-13
1F1,0.64188959709225835,1.1172063124584273E-14,1.1172063124584273E-13
1F2,1.2292652675551186,3.9544888406988595E-11,3.9544888406988592E-10
1F3,0.69886284505018459,9.7961377318999363E-11,9.7961377318999363E-10
1F4,-1.4387786858110914,1.2559290457567573E-14,1.2559290457567573E-13
1F5,-1.1818698909405017,-2.6981696253453139E-14,-2.6981696253453138E-13
1F6,0.23449823670429409,-3.6139112153456404E-12,-3.6139112153456404E-11
1F7,0.36342078267137556,1.259525239702592E-17,1.259525239702592E-16
1F8,-0.46064135793616795,-1.5578572412960284E-15,-1.5578572412960284E-14
1F9,0.12878832205909718,0,0
1FA,0.086213056589835205,-1.5482159378643522E-12,-1.5482159378643522E-11
1FB,0.82723033731845153,2.1396251925919123E-11,2.1396251925919122E-10
1FC,-0.86946549733457423,-5.8829405669476091E-20,-5.8829405669476084E-19
1FD,0.94508541719839834,1.3029645052670845E-20,1.3029645052670845E-19
1FE,1.2807943285444785,1.4438361099428427E-14,1.4438361099428425E-13
1FF,-0.28466739356515219,-2.5155004292618417E-11,-2.5155004292618414E-10
200,-0.07357803125441284,-6.2997529235986059E-25,-6.2997529235986055E-24
201,0.25536462451803688,0,0
202,0.29099220074539422,-6.1462399915890273E-18,-6.1462399915890273E-17
203,-0.053130848440085011,-8.1806263804186595E-24,-8.1806263804186589E-23
204,-0.048452520234273329,1.2063264929861411E-22,1.2063264929861409E-21
205,-0.80878354135535557,-8.7245580580581138E-13,-8.7245580580581134E-12
206,-1.1001954763882902,1.4279834709819815E-10,1.4279834709819813E-09
207,-0.43456426122757064,-1.1818813422492115E-20,-1.1818813422492115E-19
208,0.43889527249925897,7.408705913076819E-15,7.4087059130768193E-14
209,-0.74448497054123597,-2.3816063411715319E-22,-2.381606341171532E-21
20A,-0.068559405688793457,0,0
20B,1.5225000074614774,0,0
20C,0.14189982802354748,-2.0543633260658845E-11,-2.0543633260658844E-10
20D,-1.0132475979815747,1.4665699805938764E-21,1.4665699805938763E-20
20E,0.95819680741093305,3.8376207501944258E-17,3.8376207501944253E-16
20F,-0.96075382301544643,0,0
210,1.6874364237532911,-6.5986288580998184E-18,-6.5986288580998178E-17
211,-1.1715919113726325,-1.7318713656053092E-11,-1.731871365605309E-10
212,-0.66849550625767507,6.6576922914885358E-17,6.6576922914885351E-16
213,-1.3654560302217529,2.1186184971570773E-20,2.1186184971570773E-19
214,-0.38421960987056897,-5.1511466291960144E-18,-5.1511466291960139E-17
215,0.4275114175516998,-3.2743591233208388E-12,-3.2743591233208387E-11
216,0.037324268326677706,1.2500840517317434E-11,1.2500840517317434E-10
217,-0.44968877862327772,-9.1672605670892531E-13,-9.1672605670892536E-12
218,0.052939718914598442,9.6652969680106198E-25,9.665296968010619E-24
219,0.53223567843753938,9.0521800705601338E-14,9.0521800705601331E-13
21A,-0.32803266130612091,-3.8996800595775966E-21,-3.8996800595775963E-20
21B,-0.43427921517655088,-1.6158541352806231E-15,-1.6158541352806231E-14
21C,-0.28802780541494777,-2.8561919277174304E-17,-2.85619192771743E-16
21D,0.9574418401455892,0,0
21E,0.5009156771528499,-5.0104122075356255E-24,-5.0104122075356249E-23
21F,-0.21095266917691732,1.4173344926430253E-14,1.4173344926430253E-13
220,0.66264949421341113,0,0
221,-0.68444032762877727,-9.0091157747063342E-10,-9.0091157747063342E-09
222,-1.1766111366601997,0,0
223,1.8814392272934142,0,0
224,0.87595489888308764,2.0537925393334873E-25,2.0537925393334872E-24
225,0.047571041331039642,0,0
226,0.58168835112899242,0,0
227,1.689422060765482,-6.4820302715006438E-11,-6.4820302715006433E-10
228,-0.22428071667571747,1.7061507187711989E-12,1.7061507187711988E-11
229,-0.2892856229980828,0,0
22A,1.6378694505854656,7.3485427845524337E-18,7.348542784552434E-17
22B,-1.0420013592264288,-6.3744414532072003E-10,-6.3744414532071999E-09
22C,0.20013552366162457,-9.273508346708217E-11,-9.2735083467082162E-10
22D,-0.44622841245604611,0,0
22E,-1.3867540260067635,8.8496691825285997E-24,8.8496691825285994E-23
22F,0.91122089724278665,-1.0891797262782799E-12,-1.0891797262782798E-11
230,-0.57589032786962691,-2.9102794247752493E-21,-2.9102794247752492E-20
231,0.56922428740497844,-2.3609547880293763E-15,-2.3609547880293762E-14
232,0.83165387784199296,1.5751776385713841E-23,1.5751776385713841E-22
233,0.59248867924903115,-1.5082128918100456E-22,-1.5082128918100455E-21
234,1.029022332836562,5.664215622723908E-19,5.664215622723908E-18
235,0.50409685306027707,7.227652608082504E-13,7.2276526080825038E-12
236,-0.44174367893575439,-7.2571972827697107E-18,-7.2571972827697101E-17
237,0.39263224552005116,2.764575024506736E-10,2.7645750245067357E-09
238,-0.61991326266274405,-4.8729813022463997E-17,-4.8729813022463997E-16
239,1.1188125125246369,4.7605898155105389E-20,4.7605898155105388E-19
23A,-1.3590382271110688,0,0
23B,-0.70866142555701328,-4.8818384271318555E-15,-4.8818384271318555E-14
23C,-1.0432776191970685,1.3229268957653135E-20,1.3229268957653135E-19
23D,-0.77708803095915246,-4.5555623847208462E-12,-4.555562384720846E-11
23E,0.82983834426212166,8.6486279834328313E-23,8.6486279834328306E-22
23F,1.6284593161674947,-5.1592645472103072E-25,-5.1592645472103066E-24
240,-1.057572706517109,-1.1720827041816637E-10,-1.1720827041816637E-09
241,1.2702179625011756,4.0896132316477731E-17,4.0896132316477728E-16
242,0.081706247174120505,1.8160842316609002E-11,1.8160842316609002E-10
243,0.84934730306830741,0,0
244,-0.29522901348697766,1.612643869987502E-21,1.6126438699875019E-20
245,-0.45276342044335383,-8.0552907411647062E-21,-8.0552907411647062E-20
246,0.5354014527772516,0,0
247,-0.29331539206377061,-1.4902617914486759E-12,-1.4902617914486757E-11
248,-1.1839424895700053,-1.2936062130493884E-16,-1.2936062130493884E-15
249,0.69715855978703789,3.795055669274408E-16,3.7950556692744079E-15
24A,0.0087692826769125917,0,0
24B,0.68864541917424038,0,0
24C,-0.1564021459724747,-3.4681389500296989E-20,-3.4681389500296987E-19
24D,0.50020750427867511,2.8351521774359861E-12,2.8351521774359861E-11
24E,-1.0478732494261742,-9.9543527083058309E-17,-9.9543527083058309E-16
24F,-1.3802385161472621,-2.0576533119980771E-16,-2.057653311998077E-15
250,0.10093203501315429,1.0930218110801954E-24,1.0930218110801954E-23
251,0.067947455613792021,4.5509406334695969E-15,4.5509406334695967E-14
252,0.42107505654791677,-1.7625196064082974E-14,-1.7625196064082971E-13
253,-0.62299076816391985,-1.7369611533804625E-20,-1.7369611533804625E-19
254,0.84442415076510469,1.1274409964734495E-13,1.1274409964734494E-12
255,0.72378900019170189,1.8203522161953713E-16,1.8203522161953713E-15
256,-0.49351218803955893,4.215736500047809E-21,4.2157365000478088E-20
257,0.67475483173315509,-1.0110761447045662E-18,-1.0110761447045662E-17
258,0.12987776279675561,3.1396328517749892E-13,3.1396328517749891E-12
259,-0.072169472127536743,2.2366000872469091E-21,2.236600087246909E-20
25A,0.14395252021504112,-2.9793757905291094E-24,-2.9793757905291091E-23
25B,0.9804247527577703,1.0860890390742501E-23,1.0860890390742501E-22
25C,0.85863175827305571,-5.1576947897448989E-16,-5.1576947897448985E-15
25D,0.61283623372850304,7.8183547845392255E-14,7.8183547845392248E-13
25E,-0.71450154766671736,-3.7925168789568759E-24,-3.7925168789568759E-23
25F,0.61901227579750839,-1.7635708536877421E-14,-1.763570853687742E-13
260,-1.1064739103309411,5.3363189748736569E-13,5.3363189748736569E-12
261,-0.963212463956585,0,0
262,0.98876657096573606,-2.2818813874658084E-21,-2.2818813874658081E-20
263,-1.3811942767877536,-1.02684079425338E-21,-1.02684079425338E-20
264,0.39479582946661934,0,0
265,-1.154677461711564,-4.3365855201718468E-15,-4.3365855201718465E-14
266,0.76030991807272275,-2.639589854437981E-23,-2.6395898544379808E-22
267,-1.8218494208728357,4.8141702252467558E-17,4.8141702252467555E-16
268,0.66930039707106648,3.8727145299805106E-13,3.8727145299805104E-12
269,-1.0593126625182268,0,0
26A,-1.1402067625223495,-2.4735371066896979E-19,-2.4735371066896977E-18
26B,0.74956148393439259,4.1071669477631541E-11,4.1071669477631539E-10
26C,-0.32459019052405536,-4.3928037394183428E-19,-4.3928037394183426E-18
26D,-0.2147229084054243,-6.1483691502147022E-22,-6.1483691502147022E-21
26E,0.49160991082947214,0,0
26F,-0.84997926147023362,0,0
270,0.65614072042813665,-5.9093012576859282E-21,-5.909301257685928E-20
271,0.59370029110411426,-4.1871585546000789E-22,-4.1871585546000788E-21
272,0.60886894244579659,2.5102715523096839E-16,2.5102715523096839E-15
273,-0.3961024459349185,-4.1644755635607496E-16,-4.1644755635607495E-15
274,-0.14338876381452687,0,0
275,0.46878070720241083,4.9466372885065723E-16,4.9466372885065719E-15
276,-0.069535987285515716,3.0150216721118991E-14,3.0150216721118988E-13
277,-0.044234851753918267,0,0
278,-0.5481706657260369,-8.5624169101088974E-24,-8.5624169101088962E-23
279,0.095746836628695736,5.7168138819790192E-23,5.7168138819790192E-22
27A,-0.32413393305101051,2.7946758899406793E-17,2.7946758899406792E-16
27B,0.93078981883196588,0,0
27C,-0.71750933315239585,7.7893827305032111E-23,7.7893827305032111E-22
27D,-0.37167867555456979,2.4138825697638116E-25,2.4138825697638114E-24
27E,-1.0081214052343832,0,0
27F,0.41952724796431295,-2.2610572415024377E-13,-2.2610572415024375E-12
280,1.2945181737549585,-4.1272570804530654E-15,-4.1272570804530651E-14
281,-1.0333459862098491,-5.1838185782371343E-17,-5.1838185782371343E-16
282,1.1064188745834023,0,0
283,-0.4091104052604867,-1.0115928960520367E-14,-1.0115928960520366E-13
284,-0.0093323403499695722,-2.4784676232002631E-11,-2.4784676232002631E-10
285,-0.77712260233652752,5.9378560585580824E-10,5.9378560585580822E-09
286,0.31739489857763864,2.5474695104839403E-12,2.54746951048394E-11
287,-0.70190094664767511,-5.1044810706337227E-24,-5.1044810706337226E-23
288,0.58613778563241381,-6.6348649689808626E-22,-6.6348649689808618E-21
289,0.96534902052249205,1.1784589279568033E-13,1.1784589279568033E-12
28A,-1.3857731154418857,1.2536659718627316E-18,1.2536659718627316E-17
28B,-0.95023230368988032,-5.3093103372415069E-21,-5.3093103372415069E-20
28C,1.0118168205344809,2.9623566592347212E-19,2.9623566592347209E-18
28D,-0.73545442626773427,-6.0988977892637623E-22,-6.0988977892637616E-21
28E,-0.040405880212202663,0,0
28F,-0.64231160536198451,8.5805274506808035E-10,8.5805274506808027E-09
290,0.21404323299117045,2.8712841204853405E-20,2.8712841204853402E-19
291,0.90551375698180747,-7.7807402792115095E-11,-7.7807402792115093E-10
292,-0.38059451558962532,-4.1473642440012989E-13,-4.1473642440012986E-12
293,0.47823837329266067,4.4110394164702126E-18,4.411039416470212E-17
294,-0.4212394217312681,-2.1000178433486384E-20,-2.1000178433486384E-19
295,1.2591469110014977,3.8689272636295169E-20,3.8689272636295169E-19
296,-0.27230889208583009,4.6558408359696964E-13,4.6558408359696966E-12
297,1.6671147829624671,7.013673533292208E-15,7.0136735332922077E-14
298,0.11496093623554289,0,0
299,1.0543351017469005,-2.904755876491274E-18,-2.9047558764912738E-17
29A,1.339183575988625,2.1707713262084258E-20,2.1707713262084256E-19
29B,-0.49265580187601188,1.5825695097140643E-12,1.5825695097140642E-11
29C,-0.73788281432745451,-5.8593493573799508E-12,-5.8593493573799508E-11
29D,0.10374723015569796,-6.1011856016963423E-18,-6.1011856016963416E-17
29E,-0.02832832150881431,1.6437614459800534E-15,1.6437614459800533E-14
29F,-0.52743585691680006,-1.7155833818106873E-21,-1.7155833818106873E-20
2A0,-0.58081061278695212,-5.1592610726183508E-15,-5.1592610726183503E-14
2A1,0.3502049816262231,1.0919890712642602E-17,1.0919890712642601E-16
2A2,-1.4780266316975874,-2.5340787746667876E-16,-2.5340787746667877E-15
2A3,-0.040383862309952341,-1.777366451845747E-21,-1.7773664518457468E-20
2A4,-0.091456878074611073,1.3982342034182511E-24,1.398234203418251E-23
2A5,-0.84564741368852192,7.1083841911244862E-13,7.1083841911244858E-12
2A6,1.0561565928793448,9.0634398227631498E-14,9.0634398227631498E-13
2A7,0.259923120721615,6.0899609936727012E-26,6.0899609936727005E-25
2A8,0.65660921893894042,5.3720033007063913E-14,5.3720033007063913E-13
2A9,-1.042469925029742,-8.5354707258251779E-18,-8.5354707258251775E-17
2AA,-0.24386369743354008,7.4415315785753516E-19,7.441531578575351E-18
2AB,1.1852659519568327,1.0427574251718936E-12,1.0427574251718936E-11
2AC,0.92845229385240591,0,0
2AD,0.098932231652113969,1.0806090777400465E-12,1.0806090777400464E-11
2AE,-0.7518074499328401,0,0
2AF,0.99019085167994836,1.2662848299908197E-14,1.2662848299908196E-13
2B0,-1.4179230407018324,1.5200427222155957E-14,1.5200427222155957E-13
2B1,-0.94068247305777541,-2.3373265589394788E-22,-2.3373265589394788E-21
2B2,-0.40062324964738893,0,0
2B3,0.52403983361041484,0,0
2B4,-0.80063104970535803,2.5494451636293484E-15,2.5494451636293484E-14
2B5,-0.3254303829496849,1.0151908975912378E-10,1.0151908975912378E-09
2B6,-0.9600162645220377,2.2089939718971549E-20,2.2089939718971547E-19
2B7,1.3395625760882379,-4.2299936944422414E-10,-4.2299936944422414E-09
2B8,0.760666460115896,4.7684706490480857E-12,4.7684706490480854E-11
2B9,-1.4585300301762085,2.1701832606468175E-24,2.1701832606468172E-23
2BA,1.6296724706551398,0,0
2BB,-0.31034184608204896,-3.7309841008499905E-22,-3.7309841008499903E-21
2BC,0.46468420372582492,-1.7129381612882638E-15,-1.7129381612882638E-14
2BD,0.43135410681598868,6.5906369931859491E-24,6.5906369931859487E-23
2BE,1.3720660900610762,-5.4309336426387152E-21,-5.4309336426387146E-20
2BF,0.68260779540389216,5.2940708216033342E-12,5.2940708216033341E-11
2C0,0.90778367942122407,1.0779286029970425E-18,1.0779286029970424E-17
2C1,0.81495326774612709,6.7482084628968685E-13,6.7482084628968685E-12
2C2,1.6130154214731736,-2.5586302619126169E-17,-2.5586302619126169E-16
2C3,0.1088314872879278,7.4631570551301099E-14,7.4631570551301099E-13
2C4,-0.24542122611529449,3.196853765548728E-19,3.1968537655487279E-18
2C5,0.73201237710036593,0,0
2C6,1.2671350733425353,0,0
2C7,0.67465946314123881,2.2430145322516729E-11,2.2430145322516727E-10
2C8,1.0667513477571051,1.132586331581734E-20,1.1325863315817338E-19
2C9,-1.2118937033309443,-1.2924578890543075E-14,-1.2924578890543075E-13
2CA,0.70051898612390118,1.9131922322360564E-12,1.9131922322360564E-11
2CB,-0.73666861313755971,-5.3146955287763485E-24,-5.3146955287763482E-23
2CC,-0.40384339784386125,-7.4186326037886589E-10,-7.4186326037886581E-09
2CD,-0.63956668780681947,0,0
2CE,0.37945610491005866,0,0
2CF,0.39346896336361847,-2.8508375010146046E-13,-2.8508375010146046E-12
2D0,0.62682994766795552,0,0
2D1,0.19696283068823014,-7.2961077068653938E-10,-7.2961077068653932E-09
2D2,0.023606429842015154,-4.1297930960394872E-13,-4.1297930960394872E-12
2D3,-1.1961514713690387,-1.1554303980807334E-24,-1.1554303980807334E-23
2D4,1.2269535777003573,1.9076537793179367E-22,1.9076537793179366E-21
2D5,0.26505175385623098,0,0
2D6,-0.16271065221363712,6.6296647109878786E-17,6.6296647109878784E-16
2D7,0.42266680598060252,-1.1062859332803208E-14,-1.1062859332803207E-13
2D8,-1.0533584453583613,6.421621859504755E-10,6.4216218595047542E-09
2D9,0.37972691756799687,0,0
2DA,0.018355768037526907,0,0
2DB,-0.18100429352373329,-1.1832992853942492E-23,-1.1832992853942491E-22
2DC,0.4792286568932721,-2.5457519155443883E-23,-2.5457519155443882E-22
2DD,0.65149216567616897,0,0
2DE,1.0694634260088749,8.8244277377567516E-13,8.8244277377567512E-12
2DF,-1.2529954546726116,-1.6116159094204878E-18,-1.6116159094204876E-17
2E0,-1.0931358291470761,2.5870392781021193E-16,2.5870392781021194E-15
2E1,-1.4606480374951747,-1.3276240019615643E-16,-1.3276240019615643E-15
2E2,0.07695655904277629,-1.0139863639168482E-11,-1.0139863639168481E-10
2E3,-0.0861561210417775,3.4746642438945558E-13,3.4746642438945554E-12
2E4,0.69081352990474676,0,0
2E5,-1.1429935152917163,-3.5290758301008523E-10,-3.5290758301008521E-09
2E6,-0.053392502479973444,2.5847576897284532E-10,2.5847576897284531E-09
2E7,-0.35487931798638017,-2.9824732961930675E-17,-2.9824732961930672E-16
2E8,-0.0060230016617270126,-8.3587938035110504E-19,-8.35879380351105E-18
2E9,0.3723640706221078,-3.5652765245172474E-22,-3.5652765245172472E-21
2EA,0.74163285166704029,1.9954622918105346E-13,1.9954622918105345E-12
2EB,0.21183234941979917,-1.3318046144805783E-19,-1.3318046144805781E-18
2EC,0.12638573979814274,-5.6140018981562187E-11,-5.6140018981562182E-10
2ED,0.35742432065492891,-1.8270388708400271E-13,-1.8270388708400271E-12
2EE,-0.87723166171507339,-1.3723002078929768E-21,-1.3723002078929767E-20
2EF,0.24789520388814959,0,0
2F0,0.44926205075973014,0,0
2F1,-0.19169012319477008,1.5804233789341493E-14,1.5804233789341492E-13
2F2,0.068510355731134093,2.3072701665567239E-22,2.3072701665567238E-21
2F3,0.39148466903274037,-4.6583433699698553E-15,-4.6583433699698553E-14
2F4,-1.3568068759371428,-9.1457335235528233E-23,-9.1457335235528225E-22
2F5,-0.22644307417125026,0,0
2F6,1.5859621380774875,0,0
2F7,0.50829111239747937,0,0
2F8,0.40857743573801453,8.2487570178887367E-25,8.2487570178887359E-24
2F9,0.37050736166553028,1.2836914057798501E-23,1.28369140577985E-22
2FA,1.1702343140331444,-1.9279101502331252E-25,-1.9279101502331251E-24
2FB,0.42080808364367872,2.6996374814272726E-10,2.6996374814272724E-09
2FC,-0.30181453006734371,1.7666878745442974E-12,1.7666878745442973E-11
2FD,-0.16546024119452246,-4.5852065141155486E-20,-4.5852065141155485E-19
2FE,-0.61769488763464853,3.3493726704783947E-20,3.3493726704783942E-19
2FF,0.41051503107303733,-1.6436536926831475E-22,-1.6436536926831475E-21
300,1.5633808847905633,-2.7556203780430266E-11,-2.7556203780430264E-10
301,-1.0164997100835356,6.3229357664832954E-23,6.3229357664832951E-22
302,-0.35883108757084908,-2.2154900232647701E-13,-2.2154900232647701E-12
303,0.59617511574212489,-1.8730890028220884E-19,-1.8730890028220883E-18
304,-0.83085790183550423,0,0
305,1.4998686825377261,-1.6045968971869701E-14,-1.6045968971869702E-13
306,0.10444077550572393,0,0
307,0.82973589204659104,-5.59749766523356E-16,-5.59749766523356E-15
308,0.31889981399174683,2.6706922300470076E-24,2.6706922300470075E-23
309,-1.2703589134786011,3.0188347974469962E-13,3.0188347974469958E-12
30A,0.97770392245690418,1.3973626059434717E-15,1.3973626059434716E-14
30B,-0.31829631140667008,-4.5378655199075421E-15,-4.5378655199075418E-14
30C,-0.69907677421977799,0,0
30D,-0.31261184672514131,-8.9381555626283057E-14,-8.9381555626283057E-13
30E,0.91322009362358769,2.2870898867578292E-12,2.287089886757829E-11
30F,-1.0106570798747274,0,0
310,0.11117427349391606,3.4012151362341041E-11,3.4012151362341041E-10
311,0.46523190260775932,-5.3673274407492632E-13,-5.3673274407492628E-12
312,0.76412162898571845,7.5188239691731212E-13,7.5188239691731208E-12
313,-0.63792054285908151,-4.472888444993411E-25,-4.472888444993411E-24
314,-0.66297038533897878,5.9768238667819725E-14,5.9768238667819717E-13
315,-0.22982034673193086,0,0
316,-1.027153045212676,5.7857805137082031E-18,5.7857805137082029E-17
317,-0.75527103633692627,-2.5619943839198533E-10,-2.5619943839198532E-09
318,-0.99612366724794033,-1.4300749232824422E-20,-1.4300749232824421E-19
319,0.53421295133120428,-5.2954795504633253E-19,-5.2954795504633251E-18
31A,-0.3922619136807049,7.2110228631404254E-11,7.2110228631404254E-10
31B,-0.43049638746816726,-3.3104036625978571E-21,-3.3104036625978571E-20
31C,0.77072470867874243,0,0
31D,-0.05448657355880708,-2.4373301764328188E-12,-2.4373301764328187E-11
31E,0.17379198270315788,5.2534092577619513E-11,5.2534092577619512E-10
31F,0.041094560254530746,-1.0446698738455097E-22,-1.0446698738455097E-21
320,-0.86401625024820417,1.7610287467758538E-24,1.7610287467758538E-23
321,-0.1104427426303613,-2.21679957787262E-11,-2.2167995778726199E-10
322,0.13986072753243911,0,0
323,0.069861764001861643,-5.8753628786201102E-10,-5.8753628786201096E-09
324,0.33578717489945381,4.8450372815371489E-17,4.8450372815371484E-16
325,0.33037422980719339,7.4137544805532533E-19,7.4137544805532533E-18
326,0.30010721811932006,-7.6924140660001149E-12,-7.6924140660001145E-11
327,0.14497188578289,0,0
328,-0.38697425975828081,0,0
329,0.34133662059919073,-6.0800182329698774E-24,-6.080018232969877E-23
32A,-0.2173235473580776,0,0
32B,0.15532665650197489,-4.9724895045508829E-10,-4.9724895045508825E-09
32C,-0.76922210270639346,-5.7474261449783115E-10,-5.7474261449783109E-09
32D,-0.39808085324921999,-3.8163653038384524E-10,-3.8163653038384521E-09
32E,-0.6957440078729189,6.0206780549422758E-19,6.0206780549422752E-18
32F,-1.0490161730466681,4.7372209307384546E-19,4.7372209307384542E-18
330,0.080123434825974477,1.5442402441402424E-15,1.5442402441402423E-14
331,-1.8368240487891596,0,0
332,-0.61406984053066138,0,0
333,0.059852989055042619,0,0
334,-0.067316017493796634,0,0
335,-0.41618342082412424,3.9148910865417717E-23,3.9148910865417715E-22
336,-1.1744637532667561,2.0159031455167098E-19,2.0159031455167098E-18
337,-0.09173914960016126,-3.0886079808566518E-19,-3.0886079808566518E-18
338,1.3900067926844712,-4.6415743322897073E-17,-4.6415743322897069E-16
339,0.76205253192182321,-1.4346732513517287E-17,-1.4346732513517287E-16
33A,-1.2414359897314808,0,0
33B,-0.2891814454395461,8.0941299613496139E-08,8.0941299613496131E-07
33C,1.097098757679946,-4.1257184782601728E-11,-4.1257184782601722E-10
33D,1.3008073690915898,-3.7003614381612669E-10,-3.7003614381612669E-09
33E,0.041191955233118263,-1.6402195330144034E-08,-1.6402195330144034E-07
33F,-0.36728015789655966,-3.6950911618040099E-10,-3.6950911618040095E-09
