X,Y,Z
7,7,14.439518597245
7,8,13.886951539668
7,9,12.2337729812554
7,10,13.0773098954789
7,11,13.3024640495884
7,12,12.9704802900222
7,13,13.0544137141858
7,14,14.2035501485271
7,15,13.0706815886301
7,16,14.2527448313106
7,17,12.7711721995963
7,18,13.5207799800359
7,19,13.132563538706
7,20,13.4471885233758
7,21,13.9426445443413
7,22,12.0639384610035
7,23,12.19289142595
7,24,12.4037607241363
7,25,12.3913388919126
7,26,13.6020153655658
7,27,14.1525231728632
7,28,13.2954624059717
7,29,12.6372064308603
7,30,13.3497317195892
7,31,12.830153172094
7,32,12.4665973609229
7,33,13.003081827727
7,34,12.9401734453825
7,35,14.4863935885331
7,36,12.2866069884301
7,37,13.9077274825066
7,38,13.2085508220742
7,39,11.6279967384708
7,40,13.1167985084918
7,41,12.3019894421823
7,42,13.5373687903845
7,43,12.4740974395339
7,44,12.1021751556213
7,45,13.5871740131929
7,46,12.3478090184869
7,47,12.4008455446296
7,48,12.4569374441801
7,49,12.9835315211211
7,50,13.5906143516712
7,51,12.868978811273
7,52,11.9560240051571
7,53,12.7596586412336
7,54,12.863611384839
7,55,12.4854882172705
7,56,12.4511677940512
7,57,12.2079484399064
7,58,13.1361555817867
7,59,13.8734975320246
7,60,13.6853589938838
7,61,12.2597573855097
7,62,13.8703986635961
7,63,12.2293648444349
7,64,12.7364697614753
7,65,12.0119873666795
7,66,12.3510956957132
7,67,13.3954432806298
7,68,14.0105827659903
7,69,12.3604890193624
7,70,12.5067190663418
7,71,13.0204779845162
7,72,14.4342924888135
7,73,13.4566768488875
7,74,12.1814923895607
7,75,14.0610437936294
7,76,14.0165697168739
7,77,12.9389576773349
7,78,12.3769853001519
7,79,13.608966853642
7,80,12.8550800898889
7,81,13.3585130503311
7,82,12.697337480688
7,83,13.7756098460147
7,84,12.394457278244
7,85,12.9598590374644
7,86,12.0645752017894
7,87,14.4631873479226
7,88,13.3915292446642
7,89,12.6404161954453
7,90,12.6905432276152
7,91,12.40625988085
7,92,12.4805430262104
7,93,13.6955617453021
7,94,12.5101364465456
10,7,12.1718647259753
10,8,12.7339813971621
10,9,12.0520815245695
10,10,13.1215176493633
10,11,13.6027869533918
10,12,12.557878486123
10,13,12.5888340650732
10,14,11.8024515635087
10,15,13.403713487694
10,16,14.0816131778511
10,17,12.1452502207081
10,18,13.0650203567752
10,19,12.3686504642165
10,20,12.5887364263795
10,21,12.5806139133925
10,22,13.6977218251214
10,23,12.2420668971617
10,24,13.8712695677549
10,25,13.588368361924
10,26,13.4368157178745
10,27,12.364761979217
10,28,13.3923602846473
10,29,14.2174238610575
10,30,12.9095394890772
10,31,13.2924142354547
10,32,11.9802347015495
10,33,14.2770409948933
10,34,12.2994631460575
10,35,13.5253804325451
10,36,13.0039668919111
10,37,12.2442802360929
10,38,13.5401343884484
10,39,12.9604310165283
10,40,12.7504475445949
10,41,12.1932042910552
10,42,13.1520368219413
10,43,13.7507935711142
10,44,12.4817079636521
10,45,12.9247989752842
10,46,13.4244326693032
10,47,13.1074806528143
10,48,13.7461383588872
10,49,14.4183564472779
10,50,13.4809108488786
10,51,11.9545441260841
10,52,12.6503504301714
10,53,13.185994139365
10,54,12.9244247808754
10,55,13.4769693448385
10,56,13.1335720955263
10,57,12.301957257866
10,58,13.1786556235675
10,59,14.5474781226585
10,60,14.3990870627654
10,61,13.2521200329547
10,62,14.3875542393974
10,63,12.3210714359135
10,64,12.8807645790311
10,65,12.3938056955448
10,66,13.4366323066018
10,67,12.4770129796775
10,68,12.8241734414234
10,69,12.2686137478107
10,70,12.7889752026873
10,71,13.7001528650513
10,72,14.383067276518
10,73,12.2511342110343
10,74,13.1601466192715
10,75,14.1959997083504
10,76,14.3143788137008
10,77,13.3935641583531
10,78,13.3826794422502
10,79,14.2014435415844
10,80,14.3039287816328
10,81,13.6841656654868
10,82,13.2087625189267
10,83,12.2206162093074
10,84,12.9212249259312
10,85,12.8056767935766
10,86,13.2787030026675
10,87,14.431176888434
10,88,12.6947055858836
10,89,11.8768577763256
13,7,13.4046475522058
13,8,12.7548563437359
13,9,12.3987396927907
13,10,12.5491690593401
13,11,12.1817536542253
13,12,12.3819412701151
13,13,12.191375533925
13,14,12.9281089244451
13,15,12.3760818594114
13,16,12.8196139460666
13,17,12.4865577794751
13,18,12.7493785551409
13,19,13.868381130744
13,20,12.1753332058878
13,21,13.089733016535
13,22,12.2935998745559
13,23,13.506777041998
13,24,13.256446272962
13,25,14.4133841140359
13,26,13.7201863086373
13,27,12.2839070529612
13,28,13.2882376314392
13,29,12.0951407328904
13,30,14.1354663625483
13,31,12.4992088712508
13,32,12.5216373786302
13,33,14.2124373946146
13,34,14.4719549337339
13,35,12.3540716494617
13,36,12.1547162464294
13,37,13.7370864820089
13,38,14.5541055374547
13,39,12.8049066767461
13,40,13.8790905946996
13,41,14.2074557694142
13,42,12.403010420771
13,43,12.8072543904768
13,44,12.3147258301669
13,45,13.1605027196459
13,46,13.1385171694875
13,47,13.7562245091013
13,48,12.5101907678715
13,49,12.2749119657695
13,50,13.6752103458964
13,51,14.3851105504966
13,52,14.3473925060271
13,53,13.8328499627094
13,54,13.6479810545332
13,55,12.2417494146496
13,56,12.9554459989185
13,57,13.3562824896363
13,58,13.2872985577026
13,59,12.0534927264796
13,60,12.640866450374
13,61,12.9382003964562
13,62,13.9421080575754
13,63,14.1522869794698
13,64,14.4161598387683
13,65,12.5386521438404
13,66,14.4000111896195
13,67,14.4417896383026
13,68,12.3264936289979
13,69,12.7717004874125
13,70,13.2347189380473
13,71,14.4769098872788
13,72,13.6153890328551
13,73,13.2552734118437
13,74,12.8322393385752
13,75,12.9933972105795
13,76,13.7628588546079
13,77,13.4971665594552
13,78,13.0859792833256
13,79,13.1642259426136
13,80,13.5895562069858
13,84,12.5312266474779
16,7,12.32171334224
16,8,12.9259270132343
16,9,13.1062194069267
16,10,12.6421847264525
16,11,11.826330603001
16,12,13.462436345491
16,13,13.2282262018983
16,14,13.3157445179075
16,15,12.332404709746
16,16,13.3443028785428
16,17,12.724020361581
16,18,12.7013065439409
16,19,13.0823457076957
16,20,12.2843675669609
16,21,13.9224911825002
16,22,12.9323474962619
16,23,12.8162693964171
16,24,11.9054341588823
16,25,12.3888387660302
16,26,12.7528235997402
16,27,12.2053861434621
16,28,13.8246805651183
16,29,13.0735177165892
16,30,13.2918453232931
16,31,13.2793036627661
16,32,13.3511467817086
16,33,11.8760387256912
16,34,13.6614370168167
16,35,13.6241204110577
16,36,13.4954039242249
16,37,13.7174496223212
16,38,14.411307994851
16,39,12.563647111059
16,40,12.3866842978194
16,41,12.3984795799526
16,42,13.7056016550693
16,43,13.8336397205879
16,44,12.3964576547303
16,45,13.4700993172238
16,46,13.1074301422512
16,47,14.5422177080928
16,48,12.7408385980661
16,49,12.6700667873292
16,50,13.6356973406797
16,51,13.9794778377879
16,52,14.6195576889732
16,53,13.210783141336
16,54,13.6390345072262
16,55,13.1849627633072
16,56,12.8928024181538
16,57,12.595510325693
16,58,12.4505991054203
16,59,12.0973087362844
16,60,13.0613522203587
16,61,13.8513396433593
16,62,13.7565733140118
16,63,13.4712171415962
16,64,14.0736687472772
16,65,14.7884211410713
16,66,12.556128215086
16,67,13.0285592833468
16,68,13.719455433661
16,69,14.4794478618314
16,70,12.402237624756
16,71,13.6537654632403
16,72,12.7003412487895
16,73,12.290179652448
19,7,13.4004118978082
19,8,13.8279977697677
19,9,13.093388882712
19,10,14.579779827666
19,11,12.8252468912639
19,12,12.2340732534694
19,13,12.428140462627
19,14,13.0263127499554
19,15,12.1188577791407
19,16,13.572113089282
19,17,13.8727171900741
19,18,12.6364660027451
19,19,12.4159452618342
19,20,12.210638276759
19,21,13.7223127255256
19,22,12.2554779050007
19,23,12.478959691879
19,24,13.8825652251031
19,25,12.3144581320138
19,26,13.3315876610538
19,27,12.2638270253594
19,28,12.7083693024708
19,29,14.0792821321007
19,30,14.1304630485791
19,31,13.3872211074678
19,32,12.8171382896476
19,33,12.3606160156657
19,34,13.4535222036107
19,35,13.5970927155587
19,36,12.5665036197877
19,37,14.697726661493
19,38,13.6639352091581
19,39,12.659816115048
19,40,14.4201186492125
19,41,12.5526033508843
19,42,12.6319331806858
19,43,12.1314027348003
19,44,12.4008993385024
19,45,12.5028681708883
19,46,13.1217659052522
19,47,13.9993110256656
19,48,12.8929422846551
19,49,12.7449106132561
19,50,14.0955107416013
19,51,12.5584089628699
19,52,12.4247806716411
19,53,13.8113740345076
19,54,13.5290917540455
19,55,12.6996254353573
19,56,13.7147678217859
19,57,13.9257988596292
19,58,12.2208149297378
19,59,13.1885971608542
19,60,12.6054407680521
19,61,14.3217449222897
19,62,13.0356729661837
19,63,12.4421770119378
19,64,13.0579095544701
19,65,12.9974942429437
19,66,14.1082234930879
19,67,12.3476839437133
19,68,13.3512644398887
22,7,13.91699939582
22,8,13.9871684895835
22,9,13.7348202256065
22,10,12.8161479019833
22,11,12.1515405326138
22,12,12.1718480116708
22,13,13.1766407878597
22,14,13.9162205083831
22,15,14.3275205641575
22,16,12.4316454943208
22,17,12.4027660131264
22,18,13.0557406925462
22,19,13.5751785718585
22,20,12.7018316054712
22,21,13.4013693100786
22,22,12.4863945147865
22,23,13.1779357218587
22,24,13.8616225835867
22,25,14.0539354896969
22,26,12.1631395020977
22,27,13.7493710343809
22,28,12.8634859375277
22,29,14.133081346825
22,30,13.8245976469554
22,31,12.410137312533
22,32,14.0638667336298
22,33,13.3937373113441
22,34,13.1406994775687
22,35,14.1668007530021
22,36,14.5356593473789
22,37,13.9158010936616
22,38,13.2772809095703
22,39,14.2337280652798
22,40,12.2348264534984
22,41,13.9411120759815
22,42,13.4759977197638
22,43,12.4763379729578
22,44,14.446770883409
22,45,14.2333371835905
22,46,14.1492698333109
22,47,13.3629434635328
22,48,13.7673193853898
22,49,12.9308600111947
22,50,12.720071527066
22,51,13.3971730174146
22,52,13.5280624269571
22,53,12.2254089673895
22,54,13.5751962088069
22,55,14.0246559603715
22,56,14.223039585379
22,57,13.8847570137582
22,58,12.3896787272278
22,59,12.8445952818203
22,60,12.305861863762
22,61,13.4182729171679
22,62,14.0347240816594
25,7,14.4676699276671
25,8,14.3055123640308
25,9,13.795864126861
25,10,12.7647216327334
25,11,12.9519099865708
25,12,12.5031481028227
25,13,13.6923718368497
25,14,12.1520291710046
25,15,13.545699034826
25,16,12.4477361408142
25,17,13.1443029496444
25,18,12.8604034360167
25,19,13.7163355371223
25,20,14.2426938799807
25,21,13.5470589442423
25,22,13.4376042212117
25,23,14.5247935382271
25,24,14.5487803534965
25,25,12.5052042006293
25,26,13.940315655864
25,27,13.4699388292356
25,28,12.2458167335855
25,29,14.139760270415
25,30,13.566614767559
25,31,14.4522938987613
25,32,14.0185342480426
25,33,14.1084771880426
25,34,14.2758758488137
25,35,13.4995205366589
25,36,12.5414193070217
25,37,12.5032619236265
25,38,12.8082665735149
25,39,13.086626694197
25,40,12.8769173898786
25,41,12.6695257682042
25,42,12.0127458073305
25,43,12.0915836701105
25,44,12.2912350292001
25,45,12.3396950122097
25,46,13.5263085267101
25,47,13.8853995342137
25,48,12.499795700046
25,49,12.8517372086672
25,50,12.3235686982113
25,51,13.0564833326889
25,52,12.1484954871569
25,53,12.2360435252665
25,54,14.050090405663
25,55,14.7694744844097
28,7,13.7081968649804
28,8,13.0002741737716
28,9,12.5533014098243
28,10,12.9098638913815
28,11,12.8759790563216
28,12,14.3960210556094
28,13,14.7003597127482
28,14,13.6626948545424
28,15,12.5388760461066
28,16,13.2772047882744
28,17,13.5494871622197
28,18,13.2762729885084
28,19,14.2916942847291
28,20,13.402226861356
28,21,14.181480769153
28,22,13.9726887262369
28,23,12.6346395447574
28,24,12.2185164256938
28,25,12.5526696971689
28,26,12.2638029877785
28,27,12.3359579005896
28,28,13.0805493252055
28,29,13.0859601585809
28,30,14.3158530120629
28,31,14.2993033639932
28,32,13.8377833829642
28,33,12.0496226357311
28,34,13.4452741466401
28,35,12.9633419321982
28,36,12.24182312897
28,37,12.1591899231957
28,38,14.2430437048363
28,39,14.1441629361215
28,40,13.0545007786529
28,41,12.4530724711807
28,42,11.9762294317204
28,45,13.6274123776784
28,46,12.3951657719197
28,47,13.1731255875116
28,48,12.2461036495167
28,49,13.7738581559565
28,50,12.9163685370393
31,7,12.9807809719043
31,8,12.256605977334
31,9,13.3552950737138
31,10,14.3958386751635
31,11,14.1048344814086
31,12,14.0179754280204
31,13,14.3312585439421
31,14,12.6477599598458
31,15,14.0934749226602
31,16,14.4045995944829
31,17,12.0330281296986
31,18,13.491637994739
31,19,14.303348156927
31,20,12.3771357356474
31,21,14.1255277493587
31,22,14.2374775433762
31,23,12.1465071214946
31,24,12.1134640748064
31,25,12.8383179903411
31,26,13.4609327244102
31,27,13.8729478153806
31,28,12.1017615619868
31,29,14.4146174405254
31,30,13.5647600228682
31,31,12.4831645228312
31,32,12.343140686804
31,33,13.5703982473441
31,34,14.206377655939
31,35,13.0837960573961
31,36,13.0431054101157
31,37,13.9225449360636
34,7,13.9777303429276
34,8,12.2097915971222
34,9,12.1819552933196
34,10,13.8609249993908
34,11,14.007626004015
34,12,12.1300290215028
34,13,14.3195270945996
34,14,12.505934702869
34,15,13.6975199429473
34,16,13.0210749914388
34,17,12.5126201437688
34,18,13.9120168449759
34,19,13.0024375065477
34,20,13.8024586386343
34,21,14.757108839403
34,22,13.4762344882699
34,23,13.3288353989445
34,24,13.4909348623965
34,25,12.8339797816803
34,26,13.3102129505094
34,27,14.4761108436168
34,28,12.8841133630996
34,29,13.1090513153716
34,30,13.5564390565479
34,31,12.2218324216209
34,32,14.2842713149062
34,33,12.8873114604404
34,34,13.391895051767
34,35,14.0524722931891
34,36,13.1057042096306
37,7,12.9447633833309
37,8,13.247170043981
37,9,13.5876780473393
37,10,12.8754561361341
37,11,12.4878640711454
37,12,13.2666910526031
37,13,13.9276447558091
37,14,14.1923330201429
37,15,14.0026228703759
37,16,11.9732557876349
37,17,13.5979798484074
37,18,14.2633900102314
37,19,12.1284763132259
37,20,12.2035642649363
37,21,13.7626515278335
37,22,14.0900151840908
37,23,12.6401593271914
37,24,12.5098355209575
37,25,12.2181236798653
37,26,14.063816170558
37,27,13.0242446618774
37,28,13.0911134794414
37,29,13.6866414011107
37,30,13.4233265768971
37,31,14.2017712491179
37,32,13.4648418053931
37,33,14.0257334315202
37,34,12.7430310680604
37,35,14.549771133275
37,36,12.2780206870506
40,7,14.7127644282075
40,8,13.4810315737583
40,9,12.4330347375054
40,10,12.3495707191152
40,11,12.6051757222693
40,12,12.2670475967786
40,13,12.8096878867477
40,14,12.2356537622425
40,15,12.4163586795982
40,16,12.790229000836
40,17,12.8802124960656
40,18,14.1730570198099
40,19,13.1810954989066
40,20,12.3247457730828
40,21,12.855334156922
40,22,12.2871519070601
40,23,14.1822712864475
40,24,14.2505958912014
40,25,13.943955342661
40,26,12.4971514991174
40,27,13.1380742424907
40,28,12.4884680053453
40,29,14.1468473040945
40,30,12.1909934369971
40,31,13.9042048202858
43,7,13.6508005785033
43,8,13.3097274057907
43,9,12.3014158993226
43,10,12.9322476151847
43,11,13.5940744304658
43,12,12.4207773111651
43,13,14.5797695063902
43,14,13.780055793774
43,15,13.8669795667944
43,16,14.4878091888773
43,17,14.115892316144
43,18,13.5380291421678
43,19,12.5433478391631
43,20,13.9703329056157
43,21,13.0247946341438
43,22,14.1715746176904
43,24,14.6224066562569
43,25,13.2128978987982
43,26,12.319109528231
43,27,13.5433570836595
46,7,13.7860663426215
46,8,12.3855400169154
46,9,13.3027010484744
46,10,13.781221476372
46,11,12.1415070427678
46,12,14.6125945526072
46,13,13.0153988195599
46,14,13.1574785419104
46,15,12.6640199212451
46,16,11.7549724260009
46,17,12.2528879895537
49,7,12.5531452892442
49,8,13.1681549204449
49,9,12.2073336148149
49,10,13.3449285264054
49,11,14.1901792007111
49,12,13.6999087912483
49,13,13.1891790853628
49,14,12.7235913975347
49,15,13.0582018716296
49,16,11.950198180228
52,7,13.7773410566517
52,8,12.2748493997883
52,9,13.9688388500604
52,10,13.6500689209812
52,11,14.3505199617087
52,12,13.8143943656122
52,13,13.75897873726
52,14,14.4455701270724
52,15,13.8645843815155
55,7,13.2392979027735
55,8,12.2094913469548
55,9,13.2635699230225
55,10,14.5201567396797
55,11,13.09479605382
55,12,14.4097452114917
55,13,13.8851351940437
55,14,12.8402171363784
55,15,11.9694944477047
55,16,13.0279067844743
58,7,12.2554774075069
58,8,13.3900933693473
58,9,13.4777393097722
58,10,12.3805463404279
58,11,12.6881372934681
58,12,12.3687620641102
58,13,13.4650389224563
58,14,12.6780251374007
58,15,12.5140219422425
58,16,14.4209693862255
58,17,13.0677806763047
61,7,12.1431829419172
61,8,12.1470793144673
61,9,12.4370427705289
61,10,12.9486089123815
61,11,13.8391201263957
61,12,13.5157139156571
61,13,13.0569946341073
61,14,14.1562271210639
61,15,12.2327573558499
64,7,13.5953866212405
64,8,13.7356279857565
64,9,14.1051121044808
64,10,13.6256389449275
64,11,12.0680371178926
64,12,13.1721087034603
64,13,13.1630180440784
67,7,12.7533370327293
67,8,14.6716705600965
67,9,14.0228763451195
67,10,14.6325236079942
67,11,12.1191383849018
67,12,13.7357093081357
70,7,11.9033822129957
70,8,14.2201452803464
70,9,12.2506931872517
70,10,12.7457567333833
70,11,12.5273845551467
70,12,11.8232168221996
70,13,13.6758024548765
73,7,14.4340276892333
73,8,12.0109801075755
73,9,12.0903967592023
73,10,11.9136280757483
73,11,14.0844398150118
73,12,12.0541839805109
76,7,12.6193000733999
76,8,12.2950764433898
76,9,14.2111905004929
76,10,14.1327493071116
79,8,12.5592469089508
79,9,12.781225258291
175,7,12.8705899321244
175,8,11.7673494606848
175,9,14.3813556490246
178,7,11.6549117851928
178,8,13.8217313646217
181,7,14.3325624645154
181,8,13.4512380866334
184,7,14.3316711203723
184,8,14.3913701763497
184,9,11.865424570015
187,7,12.0840930679303
187,8,14.0270870740698
187,9,14.2433100136655
187,10,13.8772677347242
187,11,11.6776082007899
187,12,14.2765013402701
187,13,14.1237579852015
190,7,14.0225777092864
190,8,12.6178678443735
190,9,13.7446471963807
190,10,11.4705450587093
190,11,12.3986808601745
190,12,13.7385261109543
190,13,12.5504541278051
190,14,11.8630663222952
190,15,13.9452222086741
190,16,13.5534489068249
190,17,12.2520143616735
190,18,13.6760134860864
193,7,13.0028635981889
193,8,13.6563184958955
193,9,12.3980761264083
193,10,13.9376309186111
193,11,13.3493506413976
193,12,14.1069190480514
193,13,13.5965987037527
193,14,12.130771054662
193,15,13.4875244163855
193,16,14.0326390197316
193,17,13.4444376640592
193,18,14.1580841810334
193,19,14.3645658193456
193,20,14.1802194311469
193,21,13.799306954879
193,22,13.3783951496741
196,7,13.7845135959972
196,8,13.588357667697
196,9,13.9058616317307
196,10,13.0958272654897
196,11,13.7993004661966
196,12,13.8404764496674
196,13,13.7522249382958
196,14,13.4967418011752
196,15,12.0474014330834
196,16,13.3996498473177
196,17,14.1716587442926
196,18,13.5296097373135
196,19,14.5682232620928
196,20,11.8855735591797
196,21,13.7215491001773
196,22,14.0183643150765
196,23,13.6236917169417
199,7,14.151780703418
199,8,12.767058466287
199,9,13.9414363951418
199,10,14.0705747671394
199,11,14.0965414834287
199,12,13.7841314640474
199,13,13.8961442172732
199,14,13.1741044632519
199,15,13.6216002575468
199,16,14.0238871773075
199,17,13.2366553491006
199,18,13.6234764162319
199,19,13.2813190423774
199,20,13.9886860538119
199,21,13.1778076121554
199,22,14.0073384510784
199,23,13.4562836867686
199,24,12.9629917636295
199,25,13.6129214336593
199,26,13.674887624436
199,27,13.6897026413915
199,28,14.3556087120986
202,7,14.1690775191164
202,8,12.2637643325125
202,9,13.8742961882073
202,10,12.7438135986424
202,11,13.472318820991
202,12,12.9254434035285
202,13,13.3576431757329
202,14,14.0199612425063
202,15,12.6775162846078
202,16,13.7665908300483
202,17,12.9376280169249
202,18,13.1797468204294
202,19,14.6117836661157
202,20,14.2950511375106
202,21,14.1289748261895
202,22,14.1616509903172
202,23,12.5113129627597
202,24,11.5706077969754
202,25,13.4489237167455
202,26,13.7558705444912
202,27,14.521825413245
202,28,14.324426327188
202,29,13.4232001592739
202,30,13.191488926873
205,7,12.4438467788822
205,8,13.4960855589176
205,9,14.2261332684759
205,10,13.459534965032
205,11,13.97320486329
205,12,13.0769044545315
205,13,14.0386133112111
205,14,11.7765071254114
205,15,13.5544330837801
205,16,13.6703601561515
205,17,14.0234525648905
205,18,14.0623641667742
205,19,14.1198091136536
205,20,14.5166983903236
205,21,13.0382912316875
205,22,13.8207820171009
205,23,13.5316282035886
205,24,13.8264314167199
205,25,14.4483528677267
205,26,13.8788330699722
205,27,14.2289221002083
205,28,12.6720220515301
205,29,14.0026617660746
205,30,13.9451837759865
205,31,13.3343540877898
208,7,13.3747004247609
208,8,13.8835829573444
208,9,14.1962996280264
208,10,13.3574078062352
208,11,11.9887582770379
208,12,13.9451742488774
208,13,13.3870759730807
208,14,14.7767368369193
208,15,13.0680528635853
208,16,12.3205442779902
208,17,11.9615323450967
208,18,14.324633976377
208,19,12.9194766110111
208,20,13.7016474192424
208,21,13.806256201095
208,22,12.0041984127173
208,23,13.0591492008265
208,24,12.1418288257556
208,25,12.847505738149
208,26,14.006979251156
208,27,13.1617974672528
208,28,13.5963209143686
208,29,13.0893812388542
208,30,14.189946216088
208,31,14.2574450601102
208,32,13.9030720215398
208,33,13.1261228607189
208,34,13.3284362377826
208,35,14.1581770822212
208,36,13.5501391101918
211,7,12.3572891164136
211,8,13.9182079737839
211,9,13.4005303004217
211,10,14.5478613864653
211,11,13.3030905714929
211,12,13.3545387023485
211,13,13.9427156456706
211,14,13.46004047668
211,15,13.8230991225239
211,16,12.9387476504217
211,17,13.9674811285606
211,18,14.2512113709745
211,19,13.8460722574685
211,20,13.8994276878403
211,21,13.1606739911584
211,22,13.9023287188535
211,23,11.9753974440953
211,24,13.8339473835272
211,25,12.1628567941065
211,26,13.3764247394531
211,27,13.2770663104386
211,28,13.7178922734597
211,29,12.6609895502611
211,30,14.0284139793279
211,31,12.9364059356544
211,32,12.1912615073454
211,33,13.8255094749074
211,34,14.2238340821702
211,35,14.2967368083381
211,36,13.3517554174339
211,37,13.5888128375401
211,38,14.5535310143573
211,39,12.4680731457644
214,7,13.4412068725652
214,8,14.1515022991459
214,9,12.8154337831283
214,10,14.1966147164269
214,11,12.3209553821058
214,12,11.5985716105159
214,13,14.0444660383925
214,14,13.6367376589454
214,15,13.4558314217032
214,16,11.7791391910495
214,17,13.2038629682168
214,18,13.5550961638898
214,19,12.8021088147096
214,20,14.3716241847938
214,21,14.3571746544069
214,22,13.3196819656479
214,23,12.3952458432792
214,24,13.3346937232988
214,25,14.1779147623541
214,26,13.7789949476603
214,27,14.4539687237149
214,28,14.594511169687
214,29,12.9508317352686
214,30,13.6336064732788
214,31,14.1916689883328
214,32,14.5730994206663
214,33,13.2214631868577
214,34,12.1194499423174
214,35,14.3760936174916
214,36,13.544125950479
214,37,11.4986187123952
214,38,12.6810845916526
214,39,12.8990919436726
214,40,14.4663627723716
214,41,13.5950188251844
214,42,13.7294566933938
214,43,14.1565742303896
214,44,14.0721141532696
217,7,14.0967557736195
217,8,12.8854067113146
217,9,12.6699553541322
217,10,13.9319257334164
217,11,13.7050728493319
217,12,12.7328121993397
217,13,12.8380623978976
217,14,13.6180909110439
217,15,14.1412708475605
217,16,11.3570639646518
217,17,13.8833251351546
217,18,13.5128833885992
217,19,14.0986958803651
217,20,14.019945779531
217,21,13.2574830137171
217,22,13.634540050025
217,23,11.9919777908247
217,24,13.5787169127957
217,25,13.9356864290328
217,26,12.7479873513448
217,27,13.5714114383292
217,28,13.3215846211923
217,29,14.0699482033863
217,30,13.7666509129113
217,31,12.6958760446681
217,32,14.3362066516171
217,33,14.0736804192416
217,34,13.756647739525
217,35,14.0410000911071
217,36,14.1689062363637
217,37,14.1153245851955
217,38,12.6137199453829
217,39,14.2784561305189
217,40,14.1094107907512
217,41,11.4830903280888
217,42,13.8041676250869
217,43,14.1625419225695
217,44,13.8999483452534
217,45,14.6612889524716
217,46,13.0919731709607
220,7,13.65370447698
220,8,14.4611193257755
220,9,13.7623719673105
220,10,12.5318406812257
220,11,14.0120881799036
220,12,14.126605267697
220,13,13.6308363521785
220,14,12.8662187445924
220,15,13.7367587222667
220,16,13.774445616413
220,17,11.6886995225019
220,18,12.955092429548
220,19,13.8080809474164
220,20,11.6844072937611
220,21,14.2335980509437
220,22,13.9111100764201
220,23,13.9607631394449
220,24,13.5791297871836
220,25,13.0528997975138
220,26,14.178785773767
220,27,12.4983756978968
220,28,11.7889959329207
220,29,13.9485590067741
220,30,13.6038740072613
220,31,14.3711309659744
220,32,11.9842914808035
220,33,12.9005220081259
220,34,13.2328575790112
220,35,13.9426561753851
220,36,14.22712458698
220,37,14.3982663001119
220,38,13.0020679778834
220,39,13.6458991750146
220,40,12.3273387894311
220,41,14.0726481679472
220,42,13.7568154505652
220,43,12.1443344019388
220,44,13.7300607983566
220,45,14.0401350788678
220,46,13.735082736064
220,47,13.560713355147
220,48,12.5467136827021
220,49,13.5900550639177
220,50,14.5023968092287
220,51,14.5631100898147
223,7,14.1340871756138
223,8,14.2774861369636
223,9,13.7714005440017
223,10,13.871004271505
223,11,11.5744071508993
223,12,13.2210429337385
223,13,13.8510351629938
223,14,14.2434882973582
223,15,13.9283946004371
223,16,11.5670421001663
223,17,13.3438678816979
223,18,13.3978104468312
223,19,13.8083757934129
223,20,13.8583904772516
223,21,13.8888356266488
223,22,13.7011473570787
223,23,12.4749609007835
223,24,13.946394990212
223,25,11.4541478244777
223,26,13.7244296562591
223,27,11.9591698172708
223,28,14.2083965360166
223,29,13.558275151093
223,30,13.9090664617222
223,31,13.5920652664518
223,32,12.7634163874649
223,33,13.2193754297626
223,34,13.7141561267748
223,35,13.9199335189604
223,36,13.5192179422819
223,37,12.7241856366723
223,38,13.7397490705734
223,39,12.9936057217761
223,40,13.7557815677274
223,41,12.5901565371749
223,42,14.4860535848032
223,43,14.0228476339796
223,44,13.091517097314
223,45,12.8968531526618
223,46,13.5726543449413
223,47,13.0490284898557
223,48,14.6759608516196
223,49,11.8034689595703
223,50,13.4721824536016
223,51,13.9142072682871
223,52,13.2202482996271
223,53,14.5015542602091
223,54,13.9146357523075
223,55,12.5721514855605
226,7,13.7469312302783
226,8,12.6135856097252
226,9,14.2433538829154
226,10,14.5253667251801
226,11,14.7687501565828
226,12,13.6280966523918
226,13,14.4496618340845
226,14,13.0051818782168
226,15,14.3785723475242
226,16,12.8586180303538
226,17,13.4192312553397
226,18,12.487566810229
226,19,13.4699422797464
226,20,13.501937914205
226,21,13.6879265282733
226,22,13.9964842673133
226,23,13.8096921510984
226,24,14.4223760461348
226,25,14.1264115537976
226,26,13.5129918058772
226,27,13.558196447194
226,28,14.5229093401896
226,29,14.023672662791
226,30,12.5584408953516
226,31,13.9286108617047
226,32,14.5098963729438
226,33,12.2964013267531
226,34,12.2000904677103
226,35,12.0453334402195
226,36,13.6179415462131
226,37,13.024211332645
226,38,14.0209894061679
226,39,14.4728685711458
226,40,11.4476303083724
226,41,14.3337026098311
226,42,14.1285971227944
226,43,12.4971806001902
226,44,13.5571126702742
226,45,13.7036092836191
226,46,12.9414383745159
226,47,13.9863326305168
226,48,14.087181279186
226,49,14.1966491164133
226,50,12.6313369088808
226,51,13.7871753455496
226,52,13.1158389973934
226,53,14.1445441087774
226,54,14.3946900909547
226,55,13.8771785583963
226,56,14.141840422839
226,57,14.4865482658451
226,58,12.2498088205459
229,7,11.7449563826457
229,8,13.8952314061989
229,9,13.5389248095208
229,10,14.264678750678
229,11,12.6468986503861
229,12,12.8847350592902
229,13,13.8404312498401
229,14,13.8084370953695
229,15,13.8727978493617
229,16,13.9311328479806
229,17,13.9535700054229
229,18,12.0545959858875
229,19,14.3047007205917
229,20,13.7504226049515
229,21,13.7863609592788
229,22,14.4027568118849
229,23,14.2787397410222
229,24,14.2686853381764
229,25,14.4246400547569
229,26,13.2872012032401
229,27,13.8183472566719
229,28,13.8348687888377
229,29,14.5023714545899
229,30,12.3019775468845
229,31,14.5342234831377
229,32,13.7204321750311
229,33,11.9167390959538
229,34,14.6632870378146
229,35,14.1322942160821
229,36,11.9660587922042
229,37,13.4804774446054
229,38,14.3479154800232
229,39,14.6106009039555
229,40,13.2424955104665
229,41,13.9723605598387
229,42,12.9960331868358
229,43,12.7013475655286
229,44,13.9783145563784
229,45,13.0631444850922
229,46,12.7275309239191
229,47,14.2651777882478
229,48,13.9505160904688
229,49,14.0867906028089
229,50,14.0144169217783
229,51,13.0264224564853
229,52,14.2245352945776
229,53,14.3334224519404
229,54,13.2051830148384
229,55,12.7495353203813
229,56,11.9222575783471
229,57,13.1294445441603
229,58,13.8970957526553
229,59,13.8077017645393
232,7,14.4470403404951
232,8,13.4377243114546
232,9,13.7052613001461
232,10,13.5206449745895
232,11,13.5244986575921
232,12,13.8607186422584
232,13,13.7935516539324
232,14,12.7024854407555
232,15,14.4677915248358
232,16,14.5276300729806
232,17,13.5155162543107
232,18,12.7774569033182
232,19,13.1397438847904
232,20,13.9368250621933
232,21,13.4409012227719
232,22,13.2147038700671
232,23,14.0766757165752
232,24,13.3238078929348
232,25,13.7896741253316
232,26,14.4877087149368
232,27,12.3137606711219
232,28,14.0791282755518
232,29,13.599229252314
232,30,14.353017092177
232,31,11.8512706964692
232,32,13.4755174991014
232,33,13.8526293872883
232,34,13.8589784859469
232,35,14.2719076836081
232,36,13.9239829035584
232,37,12.4416785348436
232,38,13.9571899416536
232,39,12.3994678161793
232,40,14.1100934281475
232,41,13.8380062108886
232,42,13.4233434557361
232,43,14.5131672957394
232,44,13.0665998180881
232,45,13.9039228603396
232,46,13.0650608534137
232,47,13.9440432165255
232,48,13.6339692561008
232,49,12.8029601744703
232,50,12.998916034029
232,51,13.9741442791226
232,52,13.5736238366348
232,53,14.0874751104097
232,54,13.3982784263594
232,55,13.6097862612918
232,56,12.9318443958147
232,57,14.640040913836
232,58,12.6355054120382
232,59,13.992182651828
232,60,12.2751798461696
232,61,14.3435778401928
232,62,14.1483440598388
232,63,12.1206698276726
235,7,13.786972440575
235,8,13.8009611857878
235,9,13.9148800105112
235,10,13.5879846263811
235,11,13.7747611313097
235,12,14.4053234460311
235,13,12.6793541584879
235,14,13.9816981435057
235,15,12.6126162951858
235,16,13.9926273821212
235,17,13.7674293014753
235,18,12.6423834492778
235,19,14.2960169292697
235,20,13.6551165683323
235,21,14.0929443785239
235,22,13.2777738842312
235,23,13.672254303257
235,24,12.7087142704286
235,25,12.1240912002223
235,26,12.2753041037213
235,27,13.745518047175
235,28,14.5760916705884
235,29,12.3506766431627
235,30,13.8857174694514
235,31,14.7074038809015
235,32,12.3133639355579
235,33,14.2455134645974
235,34,13.5683927491863
235,35,12.5075711023563
235,36,14.1000356670994
235,37,13.8074933464057
235,38,13.2124620348799
235,39,14.20318626196
235,40,13.9886078353582
235,41,11.9647466909916
235,42,13.5136026834442
235,43,14.3159264061196
235,44,13.8668435939503
235,45,12.6578346290444
235,46,12.9496207293273
235,47,13.0625697578442
235,48,12.7295942882448
235,49,13.4622386678808
235,50,14.1921183476104
235,51,13.6685112303071
235,52,13.914699166411
235,53,13.8499332358284
235,54,13.5410180264317
235,55,13.9295266180849
235,56,13.3072714184519
235,57,13.5106922634889
235,58,12.9149260410451
235,59,13.030706514833
235,60,14.2943191380062
235,61,14.1471668617271
235,62,13.8316771028419
235,63,12.5166202115372
235,64,13.8785556432429
238,7,11.7535059467276
238,8,13.9783959580427
238,9,14.1999501912366
238,10,13.7110680100764
238,11,13.8156625256036
238,12,14.0952310289125
238,13,13.6311988437174
238,14,13.1740750645025
238,15,13.9308761847424
238,16,13.7172475993061
238,17,13.3314907925016
238,18,13.7059798145971
238,19,13.9852088388062
238,20,12.5535759270196
238,21,13.3807470467934
238,22,13.3443961328628
238,23,14.4799011879493
238,24,14.4876714780274
238,25,13.2598187657343
238,26,14.3583415483091
238,27,14.143510419654
238,28,12.7250732948943
238,29,13.4535945419347
238,30,14.226434520764
238,31,13.7009686765294
238,32,13.7488830140032
238,33,14.7590184341222
238,34,13.9848536548276
238,35,12.340920107614
238,36,13.8055778195768
238,37,13.1820128654851
238,38,14.0003315172644
238,39,14.3399235796853
238,40,12.6619159810461
238,41,12.3472598438971
238,42,14.4557749321322
238,43,13.8453116294195
238,44,13.7608492544703
238,45,14.2450782787759
238,46,12.4840882539631
238,47,13.6471675965578
238,48,11.7700196948702
238,49,12.3446743915968
238,50,14.378538375057
238,51,12.3019018508015
238,52,13.5111977379779
238,53,12.9168394539402
238,54,14.4003832299265
238,55,14.3759819500071
238,56,12.6673676327831
238,57,11.739390381585
238,58,13.65683538358
238,59,14.6026933995285
238,60,12.9802673209958
238,61,13.4097045965795
238,62,13.5216869903049
238,63,13.6101318197403
238,64,13.7239774364668
238,65,13.637578184899
238,66,14.3834333726555
238,67,14.1463285138512
238,68,13.8900435556576
238,69,13.7636655758608
241,7,12.3420185409869
241,8,12.4163245613936
241,9,13.8767512742645
241,10,14.2085465595713
241,11,12.7414155006098
241,12,12.4908299733577
241,13,14.2702715516135
241,14,13.9886933941548
241,15,11.9087185878229
241,16,11.9791519159307
241,17,14.5140035219277
241,18,12.6343652124823
241,19,13.6291843298803
241,20,13.8811209182291
241,21,13.874362463969
241,22,13.2858625274787
241,23,13.6517764852755
241,24,14.3731522818781
241,25,13.1715685177877
241,26,12.3265063938641
241,27,13.6326076502728
241,28,13.8622915445083
241,29,14.0841132141807
241,30,13.91140685196
241,31,12.2153984459553
241,32,12.5431875742219
241,33,14.0292077809714
241,34,13.5818225406701
241,35,13.5738770273488
241,36,13.8021876878339
241,37,12.481450300723
241,38,13.2425096167713
241,39,13.6970093514887
241,40,14.6658282833002
241,41,14.1215988330498
241,42,12.5640175156432
241,43,13.2631835913466
241,44,13.5982909555925
241,45,14.4028567105363
241,46,11.4629085625505
241,47,13.2968601214416
241,48,13.998063490011
241,49,13.7286499857097
241,50,13.6694174475164
241,51,14.1999764307988
241,52,13.2067679366902
241,53,11.6091763347498
241,54,14.3004318850085
241,55,13.8703206829361
241,56,14.504473193406
241,57,14.2522517726004
241,58,13.7833324068445
241,59,13.6554431313499
241,60,13.2598330179218
241,61,14.2311596960267
241,62,13.8648094485411
241,63,13.7767996614559
241,64,14.40826945673
241,65,14.4599989470273
241,66,13.3645657839655
241,67,13.6283079914994
241,68,12.6772807812101
241,69,13.7576841733407
241,70,14.1256787074271
241,71,12.2386539029382
241,72,12.1744734391362
241,73,13.8388892803756
241,74,13.348652060123
241,75,14.0180266403808
241,76,11.8166353460462
241,77,13.6668244677042
244,7,14.2005390478211
244,8,14.0985773677569
244,9,11.7274101898352
244,10,13.5228844388498
244,11,12.9410495477475
244,12,11.8400939865617
244,13,13.632526161515
244,14,14.1864183202713
244,15,13.9388504842506
244,16,13.6574925149407
244,17,12.9279582039798
244,18,14.8059881290461
244,19,13.5899868731307
244,20,14.0466876736826
244,21,13.9762034228646
244,22,13.9388411634515
244,23,13.2808349460842
244,24,12.630390844658
244,25,13.7732170612251
244,26,12.9110925408959
244,27,13.882006855708
244,28,13.7349863277593
244,29,13.5520233492882
244,30,14.0745972063637
244,31,13.9532477732752
244,32,13.2029486563231
244,33,13.2955157505009
244,34,13.5699789018404
244,35,13.7465806614323
244,36,12.2803921179716
244,37,14.5853960290698
244,38,12.8876502097931
244,39,12.3963653429924
244,40,14.0677299047934
244,41,14.5947396095985
244,42,13.5172965226107
244,43,13.3847686243319
244,44,13.6503045113028
244,45,13.6013092184077
244,46,13.4994396678481
244,47,13.8519169163219
244,48,14.527396351482
244,49,13.6772160874926
244,50,13.2169449297303
244,51,13.8956444912364
244,52,13.9706863187991
244,53,13.819124767217
244,54,13.2328405837521
244,55,14.8614896807323
244,56,12.1350272562643
244,57,13.8807963297954
244,58,14.0676825092008
244,59,13.8630316400304
244,60,12.4777589496612
244,61,12.3238773278842
244,62,13.4982166898942
244,63,13.4933126884304
244,64,14.0119235896252
244,65,13.9507714314253
244,66,14.2215282466125
244,67,13.3960744655035
244,68,12.8729205048778
244,69,13.928546809707
244,70,12.79849779606
244,71,14.5193836327379
244,72,14.2851272326845
244,73,13.566727472052
244,74,14.0062959806921
244,75,13.483751528532
244,76,14.0363928905808
244,77,14.2088930373436
244,78,14.0638411780756
244,79,14.0283401288512
244,80,14.3402781321232
244,81,12.9873814283834
244,82,14.7599882200587
247,7,13.6581193053168
247,8,12.8934837753949
247,9,12.0863607203607
247,10,13.5304474940046
247,11,12.7323898550015
247,12,13.910410524359
247,13,13.7112273152754
247,14,13.8315671642216
247,15,13.3325917599608
247,16,13.0586988981392
247,17,13.5032954118718
247,18,13.7012183169227
247,19,13.972124587903
247,20,13.2160073536473
247,21,12.217949376143
247,22,13.9910830878003
247,23,14.2624592149986
247,24,13.363665689222
247,25,11.9108264557783
247,26,13.6168471240842
247,27,14.3894584626571
247,28,14.1091916735851
247,29,13.9240843506976
247,30,14.1696417335344
247,31,14.3459363270792
247,32,14.013022662728
247,33,13.4152351962004
247,34,14.330380532596
247,35,13.5370091956063
247,36,11.7638795330801
247,37,13.2825819361199
247,38,14.3950224772097
247,39,12.1565428807714
247,40,12.9112373567708
247,41,13.9453546879438
247,42,14.28308264872
247,43,14.1879863867852
247,44,13.8761446257667
247,45,13.6133400914213
247,46,12.2759644165358
247,47,13.6425862007735
247,48,14.3901664736137
247,49,13.7592847194682
247,50,12.6379519175314
247,51,14.6764460548929
247,52,12.2247691721152
247,53,13.7908704696357
247,54,13.3402625640467
247,55,13.9125719943182
247,56,13.5242481109886
247,57,14.1925983858463
247,58,13.5390766727799
247,59,12.4981488195031
247,60,13.8089382528516
247,61,13.742109499534
247,62,12.8513950710103
247,63,13.8982825968735
247,64,13.3573143898637
247,65,12.8021925595592
247,66,13.0621849567789
247,67,14.3642941815395
247,68,13.5374195533267
247,69,13.5407121491178
247,70,13.1443357343908
247,71,13.7115520889766
247,72,12.6101893634573
247,73,13.340424093615
247,74,12.4841823938394
247,75,13.4711704004811
247,76,14.0642691617093
247,77,13.8637339966774
247,78,13.9193983708104
247,79,13.540378068665
247,80,13.7014150056943
247,81,14.1091811924387
247,82,13.9193311899195
247,83,14.4106809751273
247,84,14.0477212984252
247,85,14.1005012660943
250,7,14.0157940240605
250,8,14.1127326233048
250,9,13.3080859480191
250,10,12.6252227437211
250,11,14.6399516144573
250,12,13.7749492991505
250,13,13.2003179351289
250,14,14.1833195181084
250,15,13.3861024038743
250,16,11.7905284504755
250,17,13.0037557085461
250,18,13.9700732168029
250,19,13.4166007787634
250,20,12.9827313867985
250,21,13.6833700561231
250,22,13.9474548530456
250,23,13.525341930582
250,24,14.018318951796
250,25,14.8029779212317
250,26,14.2740226069854
250,27,13.5950857701627
250,28,13.9806890162333
250,29,12.8331408229988
250,30,12.8858849941131
250,31,13.7699152416323
250,32,13.775753989716
250,33,13.8913874906507
250,34,13.955438336655
250,35,13.7888412929979
250,36,14.156280526627
250,37,13.5752180281367
250,38,13.9775063368777
250,39,13.4988163415929
250,40,14.0862650825794
250,41,13.4350605063062
250,42,12.399060354104
250,43,14.3600152238901
250,44,14.4529944049257
250,45,13.1395006119577
250,46,12.8808684344292
250,47,12.8777546967686
250,48,14.1882751348998
250,49,13.5692183711642
250,50,13.1404902502506
250,51,12.4165826910897
250,52,14.0211139886914
250,53,13.8923517551616
250,54,14.5874204919816
250,55,13.4060858374267
250,56,13.9921806558902
250,57,13.9484596588841
250,58,12.1999064539661
250,59,13.8070405662782
250,60,13.6828470166316
250,61,14.0639380843391
250,62,13.5872827697562
250,63,14.2592978600115
250,64,13.6175299326452
250,65,11.9579192867495
250,66,13.4782331870509
250,67,12.3449918524462
250,68,12.2380656629337
250,69,13.4052962469407
250,70,13.4044682979108
250,71,14.2590958241667
250,72,13.9870505640736
250,73,12.6681263594409
250,74,13.5586922284712
250,75,13.5862846700095
250,76,14.0629697233117
250,77,13.8346682547467
250,78,13.3497641732862
250,79,14.0582362774836
250,80,13.5859736028199
250,81,11.8927261523173
250,82,11.7368796471071
250,83,14.0782352890193
250,84,14.3362708225078
250,85,13.7002057270764
250,86,12.9245529313169
250,87,13.9436695584447
253,7,13.493669521064
253,8,13.8075726828524
253,9,13.5084919809015
253,10,14.1565898017121
253,11,13.3709936097184
253,12,13.2335323929203
253,13,13.9697943267022
253,14,13.2064307938476
253,15,14.0556219741986
253,16,13.4414894306925
253,17,13.5937430173396
253,18,13.9361660404794
253,19,13.3486256375861
253,20,14.5622693609907
253,21,14.1585009235352
253,22,14.1189256372175
253,23,14.3886759701143
253,24,12.6064785746283
253,25,13.4086927680337
253,26,12.3929042684201
253,27,13.9331394626499
253,28,13.82552432192
253,29,13.5376181446859
253,30,13.5667489267413
253,31,12.0054859364813
253,32,13.0992036229794
253,33,13.7182254832092
253,34,13.9723336058388
253,35,14.4651777999417
253,36,14.492836643408
253,37,13.2134375073089
253,38,13.1345909510264
253,39,14.5026922771693
253,40,14.2362720580889
253,41,13.0855249913461
253,42,13.983587562322
253,43,12.9960228022902
253,44,13.6740205253551
253,45,13.5385982619218
253,46,11.8784853661098
253,47,14.4705716343347
253,48,14.0343307547266
253,49,13.2825324523667
253,50,14.4841401036679
253,51,13.5470805492492
253,52,13.079788516818
253,53,14.1651132271647
253,54,14.2304642218876
253,55,14.4976315180961
253,56,13.8214004738524
253,57,13.6649566567782
253,58,14.2600472149739
253,59,14.2622456039767
253,60,13.3239904685168
253,61,13.2591650785268
253,62,13.909810326935
253,63,14.1353601225593
253,64,13.1020124020386
253,65,13.2684456298185
253,66,14.2209706651139
253,67,13.9864749101291
253,68,13.6602427663055
253,69,13.3240429082409
253,70,13.6690083361527
253,71,12.6241213947748
253,72,12.9559940651128
253,73,13.443887441769
253,74,13.3135874134214
253,75,12.8583504218057
253,76,12.7801681644294
253,77,13.2610363026514
253,78,12.7970625209957
253,79,13.0099864730677
253,80,14.1709342280915
253,81,14.3136371331735
253,82,12.7432755886946
253,83,14.0571250175493
253,84,13.0570121769787
253,85,13.768378954937
253,86,14.1526787549976
253,87,13.3331224056287
253,88,14.0235775683325
253,89,13.7684168076959
253,90,12.8599624106642
253,91,13.9756183128268
253,92,14.157703660301
253,94,13.1631074552026
253,95,11.7927676779227
253,96,14.1235330894208
253,97,12.8486475140146
253,98,14.2814598194557
253,99,13.3288174739476
253,100,13.5984139316617
253,101,13.6529898977952
253,104,14.0853292365757
253,105,13.7116322740736
253,106,11.9241963076831
253,112,13.9045299780518
4,7,12.6398832871358
4,8,14.4232309976942
4,9,12.3557922575982
4,10,13.100598573733
4,11,13.4499472990961
4,12,13.0116051545593
4,13,12.2963141921558
4,14,12.9163858479034
4,15,12.9454718184443
4,16,12.1167698177121
4,17,12.6365362226412
4,18,12.311642907157
4,19,12.4440219937397
4,20,13.0654405633344
4,21,12.4585895479902
4,22,12.5686627782723
4,23,12.2622567329459
4,24,12.9479819380356
4,25,12.7752705401102
4,26,12.1661840382976
4,27,12.9668867993574
4,28,14.4079616574797
4,29,13.8324516330004
4,30,13.681634031953
4,31,13.0614450097081
4,32,13.9048950584106
4,33,13.2202316081773
4,34,13.1639699773225
4,35,12.4068176573316
4,36,12.4461148697967
4,37,14.1409915645404
4,38,12.3873999207105
4,39,13.7016819295437
4,40,13.6848726941087
4,41,12.90082682262
4,42,12.2498457633648
4,43,12.3574604680666
4,44,13.4147292496319
4,45,12.1348100753539
4,46,12.7526381562513
4,47,13.4926973332992
4,48,13.5539746035058
4,49,14.0638027898958
4,50,13.3700005599567
4,51,14.3993159846853
4,52,14.4374299083056
4,53,12.2519351490544
4,54,12.2120194236201
4,55,12.0193990199954
4,56,12.9260621503419
4,57,12.4348122235839
4,58,12.288899944882
4,59,12.1505154118091
4,60,11.7516930719579
4,61,13.9286731602043
4,62,12.136140481567
4,63,12.3326023499289
4,64,14.3806447065518
4,65,13.30483678405
4,66,13.4354259687528
4,67,13.6770463071228
4,68,13.9011306646081
4,69,14.2923409796219
4,70,12.7407931094154
4,71,12.1993956029685
4,72,13.2749860007123
4,73,14.3371494425138
4,74,14.4010778978531
4,75,13.7379035072821
4,76,12.861060458103
4,77,13.2123935967692
4,78,13.0545353370615
4,79,12.082833822172
4,80,13.072998464049
4,81,12.8417694292658
4,82,13.5103183462525
4,83,12.784593224501
4,84,13.8639187356105
4,85,13.6467856263876
4,86,12.1964660281266
4,87,12.5391378342373
4,88,13.6709891846697
4,89,13.3699263690208
4,90,12.5229878660336
4,91,12.673691131872
4,92,13.7428340894735
4,93,12.7043908760576
4,94,13.8469227522779
4,95,13.0883828864663
4,96,12.4163040493959
4,97,14.2280935616724
7,6,13.92376998656
7,95,12.315222568285
7,96,12.297613989508
10,6,14.234573132838
13,6,13.1558295955315
13,81,12.2942356286606
13,82,13.7066103111888
13,83,13.6126869715671
16,6,12.1399432363915
16,74,14.6052323042268
16,75,12.2561244178792
19,6,12.4291799081
22,6,13.5277855167447
22,63,13.3501153537291
22,64,13.1931329712187
22,65,13.6411743801513
22,66,12.8069367448566
25,6,13.1910274433819
25,56,13.4700693650429
25,57,12.3956379005901
28,6,13.273130465185
28,43,12.5116579380804
28,44,13.2590871516104
31,6,12.3740716813829
34,6,12.2291949790009
34,37,12.1833579044581
37,6,14.396572894373
37,37,14.4392214342841
40,6,13.3097471982568
43,6,13.0111398199017
43,23,14.6723985238209
43,28,14.1767505516396
43,29,12.2044928631364
43,30,14.7594446309676
46,6,13.2347128007506
49,6,12.0256215507638
52,6,12.2349325802598
52,16,13.3948883081644
55,6,12.7029132251975
58,6,12.3257952187109
61,6,14.1617721275928
64,6,12.6787356341789
67,6,12.5794346258166
67,13,12.213649616398
70,6,12.4277872084005
73,6,13.9898132193499
76,6,13.4402600232372
79,7,14.4959709797448
175,6,12.2618100235163
178,6,12.6001101192132
178,9,14.8484732876006
181,6,14.118489421279
181,9,12.8381992239487
184,6,12.4325665109474
187,6,13.8260215777004
190,6,11.8998484215748
190,19,12.7327706613309
193,6,12.3931805189967
196,6,12.3479574714496
199,6,13.4647659794872
199,29,14.3221610862278
202,6,12.7202222358103
205,6,13.5576051184696
208,6,12.2375299747589
208,37,12.3010310190662
211,6,12.7700036054452
214,6,13.5909034934
214,45,13.8496425834598
217,6,13.4632213873708
220,6,12.170240070965
220,52,13.7500195585667
220,53,13.6553334295698
223,6,13.1561273433287
226,6,12.1963272940255
229,6,13.2705632141207
232,6,12.8932008438399
232,64,13.6726536930775
235,6,14.0137816544898
238,6,11.7741184251138
238,70,14.3556369377365
238,71,14.1281064636879
238,72,14.5116243691251
238,73,13.1955027701497
238,74,13.4337364461631
238,75,13.2968220305954
241,6,13.568927875188
244,6,12.0528040884265
247,6,12.5559890187949
250,6,14.1419375000096
253,6,13.897929718374
253,93,13.8701121444517
253,102,13.3991817546447
253,103,14.3760106239347
253,107,14.1514815020162
253,108,13.7357366314361
253,109,12.1787013415853
253,110,13.9846344256417
253,111,12.062037905547
253,113,12.8966956711048
253,114,14.6869921483537
253,115,13.9735017901896
253,116,13.9667498215109
256,7,13.2267490971343
256,8,14.0761101476352
256,9,13.9386708170647
256,10,13.7531552086694
256,11,13.2464207361022
256,12,12.7219282845437
256,13,13.1879656264298
256,14,12.2847838065711
256,15,13.0409685696501
256,16,11.9332474695884
256,17,13.7768114111276
256,18,13.5136073383157
256,19,13.9087125077616
256,20,14.0203082474999
256,21,12.2873519856373
256,22,12.7327700698419
256,23,13.9911044628279
256,24,13.6487085094188
256,25,13.5453663313666
256,26,13.334179299658
256,27,13.0345151980506
256,28,13.8047182860112
256,29,14.1812493041034
256,30,13.6864934580939
256,31,11.9507277070393
256,32,14.1515718744291
256,33,13.6465139927251
256,34,14.1007298087638
256,35,12.6249266270523
256,36,11.3102189726099
256,37,13.9686083372987
256,38,13.8548886272937
256,39,13.4658630931277
256,40,11.4769867533172
256,41,14.5416442222359
256,42,14.1299626035166
256,43,14.0716641808394
256,44,13.6908530122904
256,45,13.9462698458881
256,46,11.7303014339614
256,47,14.2180077861834
256,48,13.8001461453387
256,49,13.0279052870489
256,50,13.1532434615227
256,51,14.4015337332124
256,52,13.4162362696203
256,53,13.481470784514
256,54,13.802739379313
256,55,14.2175221508114
256,56,13.8708969471193
256,57,13.1939078911738
256,58,12.8369445893862
256,59,13.6755775474517
256,60,12.4826711669358
256,61,13.879363249869
256,62,13.5579675084916
256,63,12.2688020169999
256,64,12.9238961774987
256,65,13.1875478213995
256,66,13.6813583683761
256,67,11.5951967710812
256,68,12.8717071503169
256,69,13.8460680436621
256,70,13.9275593737538
256,71,14.2404157846713
256,72,13.9449969426321
256,73,13.4208197615951
256,74,14.2871181335975
256,75,14.6300046249623
256,76,14.4553370760952
256,77,13.7287903267923
256,78,13.7871515850921
256,79,13.2514423684037
256,80,14.4593218443034
256,81,14.1565423171764
256,82,13.3674506934438
256,83,14.6926955434253
256,84,14.2822426765891
256,85,12.1892684334141
256,86,13.7642525739355
256,87,13.5362387847665
256,88,14.1168784661416
256,89,14.3156851755091
256,90,12.6544015470822
256,91,12.3698556031926
256,92,14.2947924414899
256,93,13.1813542718744
256,94,12.179428459411
256,95,13.859092772502
256,96,13.6709514223702
256,97,14.1246462323948
256,98,13.9312072703846
256,99,12.0635665498599
256,100,14.0861499812744
256,101,14.2462304352004
256,102,13.376223392041
256,103,13.6658479673199
256,104,13.7551449073745
256,105,12.16791422557
256,106,13.1174302622292
256,107,13.6707694411039
256,108,14.1267490468223
256,109,13.974782022977
256,110,12.8692529986745
256,111,13.2633294889257
256,112,12.5189384096899
256,113,14.5521259523425
256,114,14.0240943039928
256,115,14.6541516838196
256,116,13.7576975595468
256,117,14.552424440067
256,118,12.160395793511
256,119,13.979036234451
256,120,13.34482835154
256,121,13.5212673594983
256,124,13.5430574108503
256,125,14.2077508876387
256,126,13.4235834047903
4,6,12.5071395167501
7,97,12.2896951157339
43,31,12.155756366552
79,6,14.3337243223217
256,6,14.279141802022
13,85,13.9984800903541
19,69,12.3823298514178
25,58,12.7422722443987
28,51,12.1127053132054
31,38,14.1355752079248
40,32,12.772610042835
46,18,13.1550684656696
58,18,11.8579032445979
61,16,13.3520225545698
64,14,12.8324971319333
70,14,13.5457849963656
73,13,11.8086519549671
76,11,12.4336018028474
184,10,12.2451815775514
187,14,12.6879097839182
196,24,13.1763420149381
205,32,14.1827424654265
211,40,14.5694550373185
217,47,14.2441772268859
223,56,13.0260448481878
229,60,14.241440306059
235,65,14.1500128069126
241,78,13.0699905261204
247,86,14.3832983114393
250,88,14.4768803091076
4,98,12.0357511415332
10,90,14.0809983392918
16,76,11.9471012212216
22,67,13.6814180952496
49,17,12.018301925747
55,17,14.146633242692
79,10,13.8358316751757
190,20,13.1805418043589
193,23,12.9778647923353
202,31,12.2670416473075
208,38,14.071505027407
214,46,11.5898344746132
220,54,12.136588281281
226,59,13.8330719441857
238,76,14.0785652697716
244,83,13.7114549705549
253,117,13.0649860790278
256,122,11.8191327033391
256,123,12.1795454170025
256,127,14.1621764875001
37,38,13.4983948564375
199,30,12.7853964880427
175,10,14.377123413947
256,128,14.439428742299
46,19,13.7610774202793
184,11,14.0057355767793
211,41,13.9846230692761
250,89,13.9961698326404
34,38,12.2421817278903
52,17,13.2950620742244
67,14,12.3499248707636
247,87,13.4957258266698
232,65,13.7775503324716
16,77,12.8298439597378
19,70,13.9088347963595
25,59,12.5267554530773
31,39,13.164084286559
40,33,12.7711972272817
58,19,13.0169076422339
61,17,13.1180914704706
181,10,12.5253849325724
196,25,14.2355965203828
205,33,13.2451052282412
217,48,13.2904587650368
223,57,13.2407224711742
229,61,14.1243851615547
235,66,12.8947711612584
241,79,13.2306490555613
250,97,12.3329348224356
7,98,12.5900005925611
13,86,14.3694430501825
28,52,12.5958986587957
64,15,14.0818154166824
73,14,14.6829525059315
76,12,13.5807309987025
178,10,13.905452920543
187,15,14.0127666335054
22,68,12.285713838927
43,32,12.9601373097173
250,98,14.3416466221835
4,99,12.3479742399125
10,91,14.5761915552748
190,21,14.1935495392478
244,84,14.0098367877726
253,118,13.5403352751245
7,5,11.9615284948029
10,5,13.4246824378692
13,5,12.3529826750546
16,5,12.5305358885088
19,5,13.6700398488602
22,5,14.4219041893143
25,5,12.0683082827288
28,5,13.5885698906443
31,5,12.3167139569197
34,5,12.7171419004281
37,5,12.5759571839212
40,5,14.3496418468174
43,5,13.996043277214
46,5,12.4291787418888
49,5,12.2739909280225
52,5,13.9544624410638
55,5,12.7007747022738
58,5,13.6089127091292
61,5,11.9358759656008
64,5,12.3638085899255
67,5,13.2824664438704
70,5,12.2629643842247
70,15,12.9565367675513
73,5,13.2281995560427
76,5,12.355115983074
175,5,14.4559516302188
178,5,14.1582752432306
181,5,12.6602318739172
184,5,12.2440299682593
187,5,14.0323259563365
190,5,14.0084507507805
193,5,13.0775319823921
196,5,12.2249485741173
199,5,13.4544423148404
202,5,13.4603562562306
205,5,14.2621162735851
208,5,13.5876707100465
211,5,13.1087369412576
214,5,11.548595559604
217,5,14.2313914802086
220,5,13.1597604240766
223,5,13.8146155952343
226,5,13.8750564178643
229,5,13.8842474677245
232,5,11.6481081469882
235,5,12.0710168164397
238,5,11.7577199123986
241,5,14.0843354291613
244,5,12.3092939623947
247,5,11.8038297025187
250,5,12.5493318597983
253,5,13.2720798898739
172,6,14.2379748480672
46,20,12.7165420033187
184,12,13.5233175969891
250,90,12.7953560011492
250,96,13.5489662702974
79,5,13.0114012639747
208,39,14.270261354335
220,55,11.8787246855893
238,77,14.1484474362389
211,42,14.4527331109984
256,129,12.8616731652686
172,5,14.1625529765319
49,18,14.4133790173685
46,21,12.1749180138084
55,18,12.2568261959144
202,32,12.9969460219826
250,91,14.4160449967893
250,95,13.7278539173864
79,11,12.0144532421212
193,24,13.8779275009076
226,60,14.4178604665038
184,13,13.6059110054128
4,5,12.2528974540984
256,5,14.5176828010427
37,39,11.9426582441609
250,92,14.3672328686509
31,40,12.9408814222089
40,34,13.1127393724544
58,20,14.2820557811939
229,62,14.4847605586643
46,22,12.8774462682445
250,94,12.4235172971468
250,99,14.1434400889394
214,47,14.432849928232
34,39,12.8919429895196
67,15,13.6224101821252
250,93,12.6048327726382
16,78,12.3721095351048
19,71,12.8309845256458
25,60,13.4509976910501
61,18,13.6228187686575
187,16,13.4520434600792
196,26,14.1398483012699
205,34,12.0387192143997
217,49,13.6323026626968
235,67,13.7566681632846
241,80,14.0975918313794
4,100,14.0056030113573
28,53,13.7309577460855
253,119,12.6824435360872
46,23,12.7484020520511
181,11,12.3545148802866
43,33,12.3749080529134
223,58,13.5304034568856
247,88,13.2362613279214
52,18,12.1666111255105
199,31,13.476337974392
10,92,13.021385234262
13,87,13.8649073997053
31,47,13.3230005914141
172,7,14.336769534212
31,48,13.6434911509203
232,66,13.6765866051923
64,16,12.0887511358206
211,43,14.2012860425138
46,24,14.1849254687724
31,41,13.5941136759638
40,35,12.3893179853224
229,63,14.0331831960504
31,46,14.1037455181815
22,69,13.5305099510821
190,22,12.3104464852905
244,85,13.6312767636024
7,99,13.2985731916496
76,13,11.92064863788
31,49,12.7745867600519
4,101,13.8412904682718
28,54,12.2160139186269
250,100,13.1919394312224
253,120,12.1985481397212
73,15,12.5434118592215
178,11,12.1315423912993
49,19,12.160850623284
34,40,14.1139887041934
31,42,13.0427821099529
31,45,13.6302266263315
40,36,13.5577868524518
16,79,14.1680652632477
208,40,12.8818026335619
19,72,12.4502830395114
43,34,14.4157803941554
25,61,13.5990269797917
46,25,13.8085441653295
235,68,14.3793055682746
28,55,13.0365013299556
250,101,14.690639847781
253,121,14.0409571837907
58,21,14.6902063791805
175,11,13.1837885909864
187,17,13.2659113973712
196,27,13.2290885008603
205,35,12.7625244807835
217,50,13.5090252300902
184,14,13.8164534743705
70,16,14.0450897286271
10,93,12.88285481595
229,64,13.9247656252998
67,16,12.2135028117152
31,43,12.4360910045151
31,44,13.9505205842527
40,37,14.3955026371546
55,19,13.7413028249377
220,56,13.8980919140694
238,78,12.05007131451
61,19,14.6553244531506
241,81,13.8570059115063
28,56,12.4392432251896
4,102,14.0291475885126
82,6,12.0353293732546
82,7,13.5452998565947
181,12,14.501682147803
7,4,12.1783227279039
10,4,12.1520535360014
13,4,13.2716517043577
16,4,12.3524349354295
19,4,13.4969696516413
22,4,12.527791707733
25,4,13.7150960181388
28,4,12.2122230411563
31,4,13.3050081038031
34,4,12.2930427032782
37,4,12.7364736286021
40,4,13.8262226921817
43,4,13.528738017655
46,4,12.0216948224588
49,4,12.2407481504636
52,4,13.8093752273124
55,4,13.0271302072369
58,4,13.5479567385337
61,4,12.167960304426
64,4,14.1075811239444
67,4,12.4180756300581
70,4,11.9309426069175
73,4,12.4512662020501
76,4,11.857570399678
79,4,13.8978632646161
172,4,11.7420514485304
175,4,11.3869131767433
178,4,14.0531276040409
181,4,12.2515168064013
184,4,11.7538243148817
187,4,12.6630889769379
190,4,13.3707654332531
193,4,12.537113989898
196,4,13.2824977974418
199,4,13.4826464166971
202,4,13.4350937575004
205,4,13.1316078301413
208,4,14.1372552174536
211,4,14.046910190645
214,4,12.558889855398
217,4,13.2067376713195
220,4,12.2280046108952
223,4,11.4353130306628
226,4,13.9753182359786
229,4,14.5071476438879
232,4,14.3102337353034
235,4,12.4977795031078
238,4,12.9776711381308
241,4,13.3468784284565
244,4,12.6445243903028
247,4,13.3085662226957
250,4,12.8399507931026
253,4,11.6328649621755
28,57,14.0808591067299
37,40,14.327032149207
247,89,13.6313173846659
250,102,12.3136513531832
253,122,13.6592178101509
13,88,12.2115593436845
172,8,12.9309741083102
211,44,14.3832616300198
202,33,12.941234185669
82,8,12.6386027307929
226,61,12.5355573661722
40,38,12.3782610467984
16,80,13.8669320451621
49,20,12.4953991323555
34,41,13.4904596547204
19,73,12.4782983770597
31,50,13.2439504361733
4,103,13.9450737397342
46,26,13.5231687452739
43,35,12.6870718686044
82,5,14.3808102315971
10,94,12.9570959497455
52,19,12.710527523861
79,12,12.6561330221802
193,25,13.5969853375548
82,9,13.8332272100886
253,123,14.0679165989044
256,130,12.9912637430647
223,59,13.1820522543473
64,17,13.5139267490759
214,48,13.9106146614049
250,103,12.5326925660112
244,86,14.2214979733515
28,58,14.6337646813997
232,67,14.6173488754967
4,104,12.1820318861207
19,74,12.8908500034937
235,69,13.8102155717188
7,100,14.3066740046053
4,4,12.3872777563156
256,4,13.8088060658471
10,95,13.3876457577222
25,62,13.9176747379533
61,20,12.9995670225808
190,23,13.0915531519243
16,81,13.4044045448154
187,18,14.6201087082088
196,28,13.8004886031333
205,36,14.0939724921805
217,51,13.7245460209898
49,21,13.2577790579681
55,20,11.8952319248805
22,70,12.6400003548589
40,39,13.1234879275847
4,105,12.9740676372797
229,65,13.4250215214644
199,32,13.7016754984424
253,124,12.6373354728541
19,75,13.2847086816441
46,27,12.8016268644906
178,12,13.2774363046343
76,14,11.7478841282997
208,41,14.3111127958507
10,96,12.8069893501565
250,104,13.1509979574914
4,106,12.5490588129348
241,82,13.8079456561495
34,42,12.0765695926469
82,10,12.1319902108581
43,36,11.7967524209549
247,90,14.8145612091552
13,89,12.5273606531038
172,9,12.979324484019
211,45,14.1394148523237
58,22,11.8650701794687
49,22,12.1098909433183
184,15,14.5046846166544
181,13,13.4949156967375
67,17,11.9867747893881
16,82,13.3564380567387
253,125,12.7478305071326
73,16,11.9015262263034
28,59,12.2692955205389
220,57,12.814772527876
238,79,12.3689919920389
37,41,13.0139894429345
52,20,14.4440190205214
82,4,12.5251971603677
10,97,13.2201374578569
19,76,12.600432687374
4,107,12.7879054651032
235,70,13.9063030040274
250,105,14.4453887674819
55,21,14.343329636586
31,51,13.9369827601351
46,28,14.3244499173526
226,62,13.1321384592766
25,63,12.2877855562893
7,101,12.6179401312
64,18,14.2972917018533
70,17,14.4826340436391
217,52,13.6417855049322
244,87,13.7578915929063
253,126,12.8125419484691
202,34,13.8809582483329
16,83,12.5607165980616
61,21,12.8855102252204
247,91,13.9080471081435
187,19,13.5532321051324
196,29,12.010650836328
205,37,13.1046437654676
250,106,13.6465338626715
40,40,14.8006323697051
175,12,11.621490214683
7,3,12.8830235097227
10,3,13.5791940773674
13,3,12.8605505812573
16,3,13.5949015662534
19,3,12.2027403122842
22,3,12.4812991173849
25,3,13.4964025666892
28,3,12.325862934037
31,3,13.6708276187494
34,3,12.1431408294105
37,3,13.7656544791407
40,3,12.3715297015882
43,3,13.030599708949
46,3,12.69640152825
49,3,14.1543268414952
52,3,13.9522087408191
55,3,13.7763895673282
58,3,12.5973831982572
61,3,12.1448262812829
64,3,13.4509746115036
67,3,11.7163284389699
70,3,11.9517948452388
73,3,12.7451061064264
76,3,13.929084108802
79,3,13.8922144754713
172,3,12.0381097151319
175,3,12.0264430312668
178,3,12.1606674617377
181,3,12.2330307772893
184,3,12.076872778221
187,3,12.5572148297418
190,3,11.5045739488967
193,3,14.2232572680911
196,3,14.2288806296249
199,3,14.2359155780158
202,3,13.5270948542679
205,3,12.2307415971529
208,3,12.6646161102565
211,3,14.1334023161033
214,3,13.8875780302307
217,3,14.2384132844273
220,3,13.9550413613693
223,3,13.5919592561804
226,3,11.9980458016107
229,3,13.8874254981126
232,3,12.0989172665725
235,3,13.3044140709241
238,3,14.5866245684267
241,3,12.0193921767168
244,3,13.2122577743581
247,3,12.4273664719293
250,3,11.7924526975336
253,3,13.1197012860185
193,26,11.8005167811599
22,71,13.3559165520928
4,108,14.5994533926099
19,77,14.5705171968414
46,29,12.999676378975
49,24,12.0250562694541
214,49,13.6247188072167
169,5,13.0217250885595
79,13,11.9800706334344
250,107,11.260117576899
232,68,13.4520964125184
169,4,12.1672676083252
223,60,13.6441273175635
52,21,14.3728656638335
55,22,13.5783124037084
82,11,13.3396502009995
229,66,13.6969495046399
253,127,13.4956940576349
13,90,12.2180374146164
208,42,13.7691641262226
241,83,13.2638938291624
235,71,13.0800117862691
211,46,14.3058742661722
16,84,13.0490339946423
172,10,13.0674895999522
250,108,13.7339565858002
10,98,12.4212288246866
28,60,12.8742355771312
247,92,13.9844113765855
190,24,13.1226208919436
85,5,14.4252417549978
25,64,12.4424773653984
49,25,13.3791103374632
7,102,12.8941618115621
247,95,13.7345341682914
250,109,14.0726648378913
217,53,12.8844162648842
247,96,13.5018407231847
31,52,14.4015645394069
253,128,13.3385165916934
58,23,13.0506194833704
247,94,13.5302643752907
91,4,12.6571691426321
184,16,14.1010869382197
64,19,11.857064142046
178,13,13.5142648655053
46,30,14.0358654548242
76,15,14.153034165034
82,3,13.8635556038384
169,6,11.6367857392732
19,78,12.7171853452963
91,5,12.1968832182161
226,63,13.2891723722339
238,80,14.4694762121227
199,33,14.2786745855161
67,18,12.7731698836329
4,109,12.2914140647683
181,14,12.9973205129394
37,42,13.9972845890173
256,131,12.7106664285
220,58,12.9507173536194
187,20,11.7409662792627
205,38,13.3784893217399
250,110,12.0280146487444
4,3,12.2633723261156
256,3,13.5626044794571
85,4,12.7566263189117
247,97,13.7843880498058
196,30,13.6762516948486
235,72,13.7761929760294
88,5,14.0224334078988
49,26,14.2271936187749
25,65,12.3872651505859
34,45,13.8310511528969
61,22,12.4126477469335
16,85,14.5552298998079
46,31,13.2393647604548
88,4,13.6517712903906
250,111,13.0100990405995
22,72,14.2223145948991
244,88,14.0435548441649
70,18,11.8508420289133
169,3,13.33524691881
247,98,14.5454213646338
250,112,14.3100801968803
46,32,13.2816929141512
253,129,13.2985880758043
202,35,14.2635182231743
235,73,12.5042158393656
250,113,13.95031130762
13,91,12.3646763527893
10,99,13.8003557304278
34,46,12.9674352011021
241,84,13.3327684663634
94,4,12.1784944257584
73,17,14.0334860623417
250,114,12.8808893425339
19,79,13.339368704663
82,12,13.526719640706
217,54,12.4732076983812
52,24,13.3312186153876
40,41,13.4063706850375
85,8,12.148744671516
193,27,13.908361047034
28,61,12.3349719321826
31,53,13.2081813848829
25,66,12.4003223766417
250,115,14.1126529654399
208,43,14.1018147663311
214,50,14.3910958737913
64,20,12.5403413975739
91,3,12.8812054423857
232,69,14.6577301569504
46,33,11.8586439133979
247,99,13.5808868276483
211,47,13.8953992106506
49,27,11.8970508668239
235,74,12.8192518588292
94,5,11.8208134649538
91,6,13.1947006656456
172,11,12.3719746494112
85,3,12.265769596916
229,67,13.9935696048684
4,110,13.2714397686245
52,25,12.3380602437627
16,86,13.6530150893963
169,7,12.8041724897778
88,3,12.0099828143808
223,61,13.1753815468935
58,24,13.1237232409906
250,116,14.00844804144
85,9,12.2894083515251
43,39,12.4394951334231
187,21,13.3174756272716
79,14,13.4839127254981
1,8,14.1942215431428
1,9,13.4969830862262
1,10,13.7989621718955
1,11,12.2340334016319
1,12,13.7746976791858
1,13,13.9673565582126
1,14,12.1913284165345
1,15,13.1792608484357
1,16,13.5499530466874
1,17,14.0348083952675
1,18,13.0855668952923
1,19,12.7343070321855
1,20,13.5060139672944
1,21,12.4797081539521
1,22,14.0599222397973
1,23,12.2147811791999
1,24,12.5568876365233
1,25,12.9276630561508
1,26,12.3446970284606
1,27,13.9928380722881
1,28,14.3939654509806
1,29,13.9540127901007
1,30,12.39032503154
1,31,13.5365292642676
1,32,12.2498253337765
1,33,12.2823861198412
1,34,12.6941770372401
1,35,12.4838191693176
1,36,13.0422242301848
1,37,14.3207958748587
1,38,13.7138107040994
1,39,13.8176017225243
1,40,13.6999168503283
1,41,12.9341912165537
1,42,12.5308008157998
1,43,14.1261673981982
1,44,13.7512200993428
1,45,12.6350019195278
1,46,13.619727195229
1,47,14.0401057444893
1,48,14.3891678452227
1,49,14.0786851385799
1,50,12.0747733352814
1,51,12.8222228899944
1,52,13.0822624660882
1,53,12.122157832233
1,54,13.8019502019357
1,55,13.0787785953467
1,56,13.0916157862132
1,57,14.6821953957996
1,58,14.129259124956
1,59,13.2259496884525
1,60,14.208102387525
1,61,13.7678045698223
1,62,12.2948416788002
1,63,14.2309452543794
1,64,12.7750118940501
1,65,14.0707194519813
1,66,13.1751444699041
1,67,11.9885331807313
1,68,13.5481085637235
1,69,12.9615063032054
1,70,12.5820208088187
1,71,12.2176758718016
1,72,13.7917947646748
1,73,12.6972594948974
1,74,12.3029500063243
1,75,14.3403913112353
1,76,14.6962442298908
1,77,12.2048396167569
1,78,13.2633322564375
1,79,13.605388460302
1,80,12.4680901033345
1,81,14.1207804460462
1,82,13.1231121161793
1,83,12.2042325714066
1,84,13.8271045177063
1,85,14.0489115131962
1,86,14.2255089866174
1,87,12.2007947253244
1,88,12.0076352902928
1,89,12.7164846935359
1,90,13.7329293964968
1,91,12.1486660558767
1,92,12.1630569838791
1,93,13.7220123751262
1,94,12.8730715507726
1,95,13.968371643517
1,96,12.5952591366979
1,97,12.8798066846414
1,98,14.1746540412337
259,8,13.7778051587684
259,9,12.1965864886039
259,10,12.8487753291271
259,11,12.7295890346089
259,12,13.4291100530646
259,13,13.6486842578948
259,14,14.5806736707953
259,15,14.0551040727533
259,16,13.8448536754227
259,17,14.2340459108776
259,18,13.9108344267022
259,19,13.9511797388824
259,20,12.951055377168
259,21,13.4240856660201
259,22,14.0447695052112
259,23,13.6860374122418
259,24,13.7189575584965
259,25,13.8137816674892
259,26,13.7794708189714
259,27,12.1805646765659
259,28,12.9826129536693
259,29,13.9191370919666
259,30,13.6432326852733
259,31,13.7135760363624
259,32,13.0881868158194
259,33,13.3593666893838
259,34,13.271387787467
259,35,13.9236571631148
259,36,13.2826749303429
259,37,13.5327846502806
259,38,13.0456036900918
259,39,12.6893420555216
259,40,13.6901085699526
259,41,14.1635269421612
259,42,13.1842134923819
259,43,13.1542497589968
259,44,13.7992487380101
259,45,13.0630012412382
259,46,14.077552482131
259,47,14.1621806514043
259,48,13.0970998782167
259,49,13.0718603639724
259,50,13.3850476253795
259,51,13.50311368026
259,52,11.6932093745462
259,53,13.8119975487952
259,54,13.5403282290013
259,55,12.8880953743669
259,56,13.2667278667785
259,57,14.2506057633038
259,58,13.6443006668506
259,59,13.6311261344507
259,60,14.5673848910964
259,61,13.9053537424348
259,62,14.4086714938344
259,63,14.385004477771
259,64,13.8263245732038
259,65,13.8147387588994
259,66,12.5452564203061
259,67,14.5552715556472
259,68,13.7721843948676
259,69,13.2184387427148
259,70,13.8658766327782
259,71,12.9067079600057
259,72,13.2278441430477
259,73,13.8564857977829
259,74,13.3194924659797
259,75,13.0218298868088
259,76,14.3102274647091
259,77,13.6945248256546
259,78,13.9326901492556
259,79,13.3565976563145
259,80,12.8596482826104
259,81,13.9876850645367
259,82,14.2505497223992
259,83,13.8019167984692
259,84,13.2178917868461
259,85,14.2852671244936
259,86,12.8315751477023
259,87,11.4468463721819
259,88,13.2151703278101
259,89,14.1134454420366
259,90,13.0465333734473
259,91,13.3646652412414
259,92,13.8936528700048
259,93,13.1151870353224
259,94,13.1686536016703
259,95,14.1111523450652
259,96,12.6284275170537
259,97,13.5915201125873
259,98,13.9339027887203
259,99,14.0114758480974
259,100,13.8868553926275
259,101,14.4830679509917
259,102,11.8508500535961
259,103,13.6886083751214
259,104,13.4640583768721
259,105,13.4540936860042
259,106,13.5591214473357
259,107,14.0556299229987
259,108,13.2503319041504
259,109,13.6241528001318
259,110,13.2793650831253
259,111,13.9393413191405
259,112,13.7978546889726
259,113,13.8165506878316
259,114,14.1972894037836
259,115,13.8495128187468
259,116,13.1266818319079
259,117,14.0606952525653
259,118,13.8713715988139
259,119,13.6461477453221
259,120,13.5260910535181
259,121,12.6648802555437
259,122,13.9633777602319
259,123,13.4671569934068
259,124,11.9625425633413
259,125,13.8385963527396
259,126,13.4783710671501
259,127,13.1237425431207
205,39,11.9457843168039
226,64,14.2060462451483
34,47,11.9844370940522
1,99,13.7267264393261
184,17,13.4468281939381
175,13,14.3669235932054
7,2,12.0789634165343
10,2,13.3460336613939
13,2,12.8260488589981
16,2,12.2955726078452
19,2,13.1094794213127
22,2,12.0778697482057
25,2,12.0617931952014
28,2,12.5351099968067
31,2,13.4234918129529
34,2,12.7901514043692
37,2,14.0219533770389
40,2,12.3900428962683
43,2,12.1515813112934
46,2,12.737783308064
49,2,13.2500548991482
52,2,12.7223435747243
55,2,13.0931377085736
58,2,13.0163348058357
61,2,13.9569844015229
64,2,12.2372565280515
67,2,12.327615811213
70,2,12.2458537456147
73,2,12.2965956759411
76,2,14.025860291808
175,2,12.7471591423717
178,2,12.0630859528013
181,2,13.1218542113022
184,2,12.9406490083293
187,2,12.1974801222268
190,2,14.0712825234459
193,2,11.8990821318217
196,2,13.5877466972643
199,2,13.873468531082
202,2,14.3029759504603
205,2,11.6992272190487
208,2,14.4267644128523
211,2,12.0513523457722
214,2,13.8290682140239
217,2,14.076423499533
220,2,13.8564079146447
223,2,14.2632314704576
226,2,13.4234538535214
229,2,12.9763536667354
232,2,12.3969854997005
235,2,13.2111476226116
238,2,14.0618052093916
241,2,12.2181224677158
244,2,12.1717995493181
247,2,12.6069605791241
250,2,13.1987391374025
253,2,13.29854288781
25,67,12.3683418451862
7,105,13.80118701025
94,3,12.4159722119816
1,7,12.6604031302008
259,7,14.0011555062291
259,128,11.7894616750377
79,2,12.534857115364
172,2,13.7405572344835
22,73,14.3575764826223
37,43,12.9701340463486
190,25,13.4729091111147
46,34,12.4368667512614
1,100,12.5307335469661
235,75,13.3249146383387
55,25,11.5838513364338
247,100,13.6571751753627
238,81,13.7944989768374
196,31,13.352086284465
1,101,12.9590097387616
31,54,14.5212173095195
253,130,12.0088870979949
250,117,13.8401800512346
13,92,12.3284571493016
19,80,14.0391142602531
1,102,12.7008292735033
10,100,12.2544883540567
52,26,13.2087891295788
61,23,13.8424529262602
1,103,13.1446063690033
1,104,12.3488469706392
244,89,13.5456637412055
1,105,13.6248427611248
1,6,12.8003079125569
259,6,14.1547765200341
259,129,12.9954064381876
178,14,14.2924547818954
217,55,12.878517341042
1,106,12.8334774204995
220,59,14.162176283342
76,16,13.4670331387072
85,10,13.1600459063875
1,107,12.3884145655748
7,106,12.1704560134335
235,76,13.1695040966018
70,19,13.2374614044089
241,85,13.8366162790351
250,118,13.1503452160106
82,2,13.5331789173758
16,87,13.7880195219812
199,34,12.9491081214851
46,35,12.9468475678569
34,48,14.0369190126444
25,68,13.6776905337004
1,108,12.4713490989372
28,62,12.774576311784
202,36,13.3433756715072
4,111,14.4909900032849
247,101,11.7941194883192
112,4,12.750526884433
94,6,13.7824442288979
208,44,12.8996940643408
97,4,13.0105757992622
250,119,13.4171676051594
31,55,12.1651038771528
82,13,13.8548589548508
193,28,13.6905452033178
55,26,13.1205100410724
214,51,11.6634582179537
169,2,13.4802400651797
13,93,11.9734503555711
169,8,12.9563141882757
91,7,14.0678699654794
1,109,13.0518988247654
187,22,13.3162525528807
52,27,11.9994836747521
250,120,13.3503520622283
97,3,13.4398548984438
256,132,14.7942246418262
10,101,12.6148556299807
211,48,12.7852415709655
112,5,12.0073559354939
205,40,13.5229415873176
1,5,13.654370651596
259,5,13.6315436626924
259,130,14.0401770963507
112,3,12.3573248321463
43,40,12.8652990908282
58,25,11.6490947375946
4,2,12.6705673610845
256,2,14.1614813679333
91,2,12.7828296094596
40,42,12.874993401196
7,107,12.9931100272094
88,8,12.4192732696683
94,2,11.7818274538787
235,77,13.270284443418
184,18,12.021601133807
37,44,14.2596026675906
46,36,11.9231135866401
73,18,14.1250693730953
85,2,12.0110648617153
223,62,14.2009078692579
85,11,14.7930106238518
88,2,13.8109877898643
229,68,13.1167270778028
250,121,13.6387029264159
97,5,13.9077350757313
244,90,13.4389640460606
34,49,13.513141386629
1,110,13.0273166340264
115,4,13.5760414268658
172,12,13.1054843710453
16,88,12.9702919599999
238,82,11.4285681191299
25,69,14.2087427113673
253,131,12.8552453145194
196,32,12.5826857496157
217,56,12.1558236735151
166,4,12.4426599897204
13,94,13.9786171339127
79,15,12.3613326525188
61,24,12.3466979562322
115,5,12.3431088788659
4,112,12.6845960945838
190,26,14.4835884632611
241,86,13.089421856269
109,4,13.8580065273228
10,102,12.3017407464402
52,28,12.8757256714065
166,3,12.0204460781775
115,3,13.0120906253536
67,21,11.7032443859099
181,16,13.7754185331637
88,9,12.8308670485836
97,2,12.9891304735877
109,3,12.4956712872193
166,5,12.3389780923983
1,111,13.5682579949737
7,108,12.2195820799355
55,27,11.8093430104302
112,6,13.1928203836597
46,37,11.7607465799334
175,14,14.3975434876812
112,2,13.5074579061735
235,78,13.7320281233762
70,20,14.2553179404452
220,60,14.0309691479116
109,5,12.7775088687041
7,1,12.0606582742879
10,1,13.386571423673
13,1,14.1271769100732
16,1,12.1762511308698
19,1,12.3143503291836
22,1,13.6908461023516
25,1,13.0448996524133
28,1,13.3766907075539
31,1,12.7973129111693
34,1,13.8671215295524
37,1,13.0434773614655
40,1,14.0681476545542
43,1,12.0429727030711
46,1,12.1137022387481
49,1,12.204475754838
52,1,13.1909617973669
55,1,12.5774774892805
58,1,13.9452820198281
61,1,13.7728015487382
64,1,12.0523855027639
67,1,12.2327821361602
70,1,13.2608259840942
73,1,13.0103332837647
76,1,12.0465935270492
175,1,13.0918508661038
178,1,13.9197796183015
181,1,13.547948336574
184,1,12.2994413346217
187,1,12.7928973026063
190,1,14.2653261391801
193,1,11.6680590841878
196,1,12.7033580067556
199,1,13.9466554603246
202,1,14.1789510534546
205,1,12.5688499217184
208,1,13.1273994922915
211,1,14.2803562558377
214,1,12.0055634636913
217,1,14.0011562163994
220,1,12.1018889260541
223,1,13.6580925894256
226,1,13.3013327841462
229,1,12.2721815869576
232,1,11.993521057385
235,1,13.5053413922176
238,1,14.1535627838756
241,1,11.8823016351524
244,1,13.6136359912104
247,1,13.7705413404321
250,1,11.9714221937467
253,1,13.2604697143003
187,23,13.3742319363147
79,1,13.8211307295866
172,1,12.0739500425922
1,4,12.6046356204763
259,4,11.9825023896212
94,7,14.42209017495
169,9,12.9864718292789
76,17,13.2740035709586
205,41,13.7452434040374
91,8,12.5213470998896
259,131,13.6335111865555
34,50,12.3853811304133
100,3,14.0581940722321
31,58,13.7081121064531
37,45,13.2275726756037
199,35,13.3199960593181
250,124,13.4668676306834
100,4,13.0089763549099
25,70,14.3430686211997
82,14,14.2205335744882
115,6,13.8454635093338
58,26,13.028465610579
97,6,13.1166807166154
1,112,14.4151457748761
211,49,12.762903758769
43,41,13.2140003583342
16,89,13.8134407140828
109,2,12.5255291144562
82,1,14.0150746434867
166,2,14.1292186436337
247,104,13.4025558565304
4,113,12.6103071657667
223,63,14.0766935140937
244,92,13.3650005062963
88,10,13.579108374021
115,2,14.1198120497822
217,57,12.6470689234675
250,125,13.7023428100296
169,1,12.7708869448142
94,1,12.0060520019272
100,2,12.6870286016321
106,3,12.5931166430866
91,1,12.4796640350362
229,69,14.0784941398749
73,19,12.9913656636777
103,3,13.344256404622
241,87,13.3915473433075
106,4,13.7780779847887
46,38,12.3755049965824
109,6,12.931873087769
103,4,12.2833354437329
22,77,14.7161832386224
31,59,13.2921441021331
100,5,13.9281846280072
247,105,12.4965150304546
253,132,14.3945159902784
235,79,13.8402839238397
85,1,12.0836097062944
196,33,13.9284471744869
88,1,13.3515092034597
1,113,12.4379307063349
256,133,13.7516184812544
61,25,14.4587434472188
34,51,13.995948901897
25,71,14.525187700703
208,46,13.9463492924541
172,13,13.3300782370211
97,1,12.7554100438918
4,1,13.2799643552646
256,1,14.2874164051137
250,126,14.052614258302
190,27,13.6388222862561
106,2,12.1985118423064
181,17,13.7852115808514
103,2,12.1578194742106
19,84,12.8578944304838
52,30,12.3978476924705
112,1,12.7578975955727
1,3,12.0239133513125
259,3,14.2554898062868
205,42,13.6870353466706
247,106,12.8981833950541
4,114,13.110119266632
187,24,12.9668826863195
106,5,13.2523007681411
103,5,14.2119212034028
115,7,13.9177260730068
1,114,11.8388284229795
22,78,14.0866910747562
163,3,12.2588851178751
259,132,13.2471320356776
109,1,13.7960507170031
31,60,13.4784507415894
166,1,12.3890531574779
163,4,13.983789568893
226,67,13.1685449825897
211,50,13.9641315467216
100,1,13.8492438212211
97,7,12.4049733485879
175,15,13.9107711961292
115,1,14.4866353295438
13,98,12.5412513276643
217,58,13.1597858924874
118,4,12.9598186056286
43,42,12.9916011041192
1,115,14.0181359929457
118,3,12.0201293072225
163,2,11.8374669520612
235,80,13.0384871705999
46,39,12.4014472964404
4,115,13.467916102238
106,1,12.9273431964967
52,31,11.5769385003547
19,85,12.1649870737436
67,23,13.416756573014
244,96,12.7705150481098
103,1,12.6059526533126
229,70,13.2895272877555
1,116,13.2951282859908
22,79,12.2718264075395
163,5,12.9536626958079
1,117,11.9607569270494
244,97,13.0050050833444
13,99,14.0457276025351
31,61,12.5100543049
118,2,12.0123580894864
196,34,12.7151690375486
253,133,13.9728766173854
1,2,12.3537511235766
259,2,14.4711596265035
1,124,13.3882256588449
25,73,12.4453722616968
1,118,12.1511470053591
1,125,12.7700640782004
1,123,12.0470080016412
115,8,12.5586243876312
172,14,11.8763385732522
244,98,13.3883368159747
1,119,12.7939321893056
163,1,13.7113493666899
1,122,12.2587572940796
10,106,13.0616662978352
1,121,13.5501828682779
1,120,13.5329966562181
4,124,14.3819220916014
1,126,12.1935969011967
247,112,13.7768801171187
64,25,13.6889500347743
4,125,13.0149422417441
226,68,13.5313875482251
22,80,12.5700693415516
13,100,12.2976834885547
256,134,14.1788017169311
4,123,12.246661499008
259,133,12.302822278957
160,3,11.763742604783
55,30,11.6260745088359
4,122,12.9996657680508
31,62,12.8257880509275
4,126,11.9451119803378
67,24,12.3481907039664
160,2,12.334987713427
43,43,11.3486908871995
118,1,13.3476112735169
160,4,14.0305461942062
49,36,11.9323974711182
1,127,13.2874829163774
4,119,13.5088264815272
10,107,14.211175011179
85,15,13.1441412956151
1,1,12.0678117460759
259,1,13.7162371175562
160,1,12.5091940699342
115,9,11.8127270645421
1,128,14.3435608033701
253,134,13.9218376049878
55,31,11.8110512062089
10,108,12.2205041626861
157,3,12.6438146310885
157,2,12.1407178390518
67,25,12.0330097053295
52,34,11.4420215702069
259,134,13.2183712653722
88,14,14.6056893201827
157,4,12.0529863076073
157,1,13.3764611304771
121,3,12.4075664415456
1,129,14.1287268833418
58,30,11.2355635716271
121,2,13.2098949512748
70,24,13.0788573206798
115,10,13.6199922542852
247,125,12.6946612796787
121,1,14.2070871150354
154,2,13.2425538508952
154,3,13.423336630444
1,130,13.9221124543084
88,15,14.5836069018072
